,Year,Week,SMN,SMT,VCI,TCI,VHI
0,1981,36.0,0.192,296.36,26.52,73.52,50.02
1,1981,37.0,0.191,296.02,31.32,60.96,46.14
2,1981,38.0,0.18899999999999997,295.19,37.89,52.08,44.99
3,1981,39.0,0.184,293.63,44.86,48.68,46.77
4,1981,40.0,0.17800000000000002,291.34,48.72,48.28,48.5
5,1981,41.0,0.168,288.28,49.04,50.01,49.52
6,1981,42.0,0.154,284.55,47.5,55.05,51.27
7,1981,43.0,0.136,280.88,44.97,56.73,50.85
8,1981,44.0,0.11599999999999999,276.69,39.91,57.42,48.66
9,1981,45.0,0.09699999999999999,272.19,35.41,62.81,49.11
10,1981,46.0,0.08199999999999999,268.11,32.78,67.48,50.13
11,1981,47.0,0.073,265.36,31.73,67.38,49.56
12,1981,48.0,0.067,263.36,31.79,63.61,47.7
13,1981,49.0,0.064,262.31,33.54,57.93,45.73
14,1981,50.0,0.062,261.65,37.12,53.26,45.19
15,1981,51.0,0.06,261.56,42.59,46.95,44.77
16,1981,52.0,0.059000000000000004,261.96,47.16,40.79,43.97
17,1982,1.0,0.055999999999999994,262.27,52.32,38.91,45.61
18,1982,2.0,0.053,262.89,51.85,35.01,43.43
19,1982,3.0,0.052000000000000005,263.78,51.81,32.0,41.91
20,1982,4.0,0.051,264.98,49.19,31.34,40.26
21,1982,5.0,0.049,265.84,43.77,34.11,38.94
22,1982,6.0,0.047,266.65,36.35,37.98,37.17
23,1982,7.0,0.045,267.94,28.65,41.32,34.99
24,1982,8.0,0.047,270.05,26.07,41.95,34.01
25,1982,9.0,0.048,272.25,23.24,42.36,32.8
26,1982,10.0,0.053,274.64,22.37,43.58,32.98
27,1982,11.0,0.064,277.23,25.52,42.9,34.21
28,1982,12.0,0.079,280.57,29.64,39.65,34.64
29,1982,13.0,0.098,284.21,33.97,36.03,35.0
30,1982,14.0,0.115,287.3,35.7,32.04,33.87
31,1982,15.0,0.13,289.33,35.45,32.99,34.22
32,1982,16.0,0.154,291.12,36.47,36.42,36.44
33,1982,17.0,0.183,292.83,37.58,43.61,40.6
34,1982,18.0,0.215,294.0,38.32,56.73,47.52
35,1982,19.0,0.25,295.32,38.78,65.85,52.31
36,1982,20.0,0.285,296.66,41.4,66.26,53.83
37,1982,21.0,0.317,297.75,46.85,66.63,56.74
38,1982,22.0,0.335,298.26,48.39,69.53,58.96
39,1982,23.0,0.33799999999999997,298.31,46.99,73.49,60.24
40,1982,24.0,0.33299999999999996,298.14,44.65,80.54,62.59
41,1982,25.0,0.322,298.12,40.02,86.26,63.14
42,1982,26.0,0.317,298.5,39.06,85.73,62.39
43,1982,27.0,0.307,298.75,36.36,84.22,60.29
44,1982,28.0,0.298,299.03,36.59,80.14,58.37
45,1982,29.0,0.294,299.45,39.97,75.73,57.85
46,1982,30.0,0.294,299.87,45.44,71.29,58.36
47,1982,31.0,0.28600000000000003,300.1,48.68,68.12,58.4
48,1982,32.0,0.276,300.56,49.8,62.72,56.26
49,1982,33.0,0.264,300.83,48.53,58.96,53.74
50,1982,34.0,0.253,300.98,47.18,55.19,51.18
51,1982,35.0,0.237,300.52,43.84,52.67,48.25
52,1982,36.0,0.22,299.44,40.68,48.8,44.74
53,1982,37.0,0.20199999999999999,298.18,36.73,42.96,39.84
54,1982,38.0,0.184,296.38,34.63,42.2,38.42
55,1982,39.0,0.165,294.58,32.66,41.13,36.9
56,1982,40.0,0.14300000000000002,292.42,27.7,39.77,33.73
57,1982,41.0,0.121,289.84,22.99,37.4,30.2
58,1982,42.0,0.105,287.36,21.65,32.36,27.01
59,1982,43.0,0.092,284.5,22.13,31.88,27.01
60,1982,44.0,0.08,281.8,21.82,28.27,25.05
61,1982,45.0,0.069,279.03,20.66,27.69,24.18
62,1982,46.0,0.059000000000000004,275.59,19.97,32.91,26.44
63,1982,47.0,0.052000000000000005,271.89,19.39,39.61,29.5
64,1982,48.0,0.045,267.74,17.89,46.99,32.44
65,1982,49.0,0.04,264.16,17.37,52.37,34.87
66,1982,50.0,0.037000000000000005,260.88,18.69,58.39,38.54
67,1982,51.0,0.036000000000000004,258.37,21.74,61.57,41.65
68,1982,52.0,0.035,257.11,23.93,61.22,42.58
69,1983,1.0,0.034,256.31,27.34,64.44,45.89
70,1983,2.0,0.033,255.85,27.89,65.07,46.48
71,1983,3.0,0.033,255.63,29.76,65.75,47.76
72,1983,4.0,0.033,255.73,29.93,68.5,49.22
73,1983,5.0,0.033,256.93,27.37,69.22,48.3
74,1983,6.0,0.031,257.73,22.63,72.23,47.43
75,1983,7.0,0.031,259.38,17.95,73.51,45.73
76,1983,8.0,0.034,261.96,16.98,71.36,44.17
77,1983,9.0,0.037000000000000005,265.21,16.2,68.01,42.11
78,1983,10.0,0.042,270.04,16.7,60.52,38.61
79,1983,11.0,0.051,275.93,19.36,47.74,33.55
80,1983,12.0,0.062,281.44,21.89,36.03,28.96
81,1983,13.0,0.08,286.35,26.24,27.27,26.75
82,1983,14.0,0.1,289.44,29.82,23.0,26.41
83,1983,15.0,0.122,291.87,32.18,21.38,26.78
84,1983,16.0,0.14400000000000002,293.61,32.78,23.66,28.22
85,1983,17.0,0.17,295.44,32.6,26.67,29.63
86,1983,18.0,0.2,297.39,32.33,29.54,30.94
87,1983,19.0,0.226,298.68,28.99,35.37,32.18
88,1983,20.0,0.24600000000000002,299.84,25.01,36.36,30.68
89,1983,21.0,0.259,300.89,20.77,37.5,29.14
90,1983,22.0,0.262,301.33,13.52,41.5,27.51
91,1983,23.0,0.258,301.18,7.21,46.99,27.1
92,1983,24.0,0.253,300.91,5.02,54.28,29.65
93,1983,25.0,0.253,301.2,6.18,57.47,31.82
94,1983,26.0,0.254,301.27,8.3,60.82,34.56
95,1983,27.0,0.257,301.22,12.26,63.11,37.69
96,1983,28.0,0.256,300.85,16.94,65.15,41.05
97,1983,29.0,0.258,300.35,22.65,68.33,45.49
98,1983,30.0,0.261,299.72,29.41,72.26,50.84
99,1983,31.0,0.27,299.11,40.42,75.63,58.03
100,1983,32.0,0.27699999999999997,298.85,50.13,75.93,63.03
101,1983,33.0,0.28300000000000003,298.76,57.8,75.08,66.44
102,1983,34.0,0.281,298.63,61.5,73.93,67.71
103,1983,35.0,0.275,298.82,63.13,66.75,64.94
104,1983,36.0,0.255,297.79,59.06,62.78,60.92
105,1983,37.0,0.235,296.97,54.68,53.9,54.29
106,1983,38.0,0.21600000000000003,295.75,52.44,48.53,50.48
107,1983,39.0,0.19399999999999998,293.62,49.19,51.14,50.16
108,1983,40.0,0.17600000000000002,291.79,46.22,46.54,46.38
109,1983,41.0,0.159,289.05,43.14,45.57,44.36
110,1983,42.0,0.142,286.02,40.35,44.99,42.67
111,1983,43.0,0.12,282.4,35.94,48.05,41.99
112,1983,44.0,0.095,278.55,29.01,48.27,38.64
113,1983,45.0,0.078,274.93,24.96,50.39,37.67
114,1983,46.0,0.067,271.53,23.81,53.56,38.69
115,1983,47.0,0.059000000000000004,268.41,23.28,56.34,39.81
116,1983,48.0,0.055,266.16,24.31,54.07,39.19
117,1983,49.0,0.049,264.28,23.82,51.87,37.84
118,1983,50.0,0.048,262.67,26.86,51.09,38.98
119,1983,51.0,0.046,260.75,30.54,52.24,41.39
120,1983,52.0,0.044000000000000004,258.79,31.9,55.32,43.61
121,1984,1.0,0.044000000000000004,258.66,38.09,55.77,46.93
122,1984,2.0,0.045,258.9,42.03,53.58,47.8
123,1984,3.0,0.045,259.49,43.85,51.59,47.72
124,1984,4.0,0.044000000000000004,260.67,42.09,50.29,46.19
125,1984,5.0,0.042,262.37,37.74,49.03,43.38
126,1984,6.0,0.043,265.2,33.24,44.26,38.75
127,1984,7.0,0.044000000000000004,267.97,28.33,41.92,35.13
128,1984,8.0,0.045,269.88,24.88,43.34,34.11
129,1984,9.0,0.045,271.76,21.43,44.78,33.11
130,1984,10.0,0.045,273.9,18.52,46.51,32.51
131,1984,11.0,0.054000000000000006,277.1,20.64,43.02,31.83
132,1984,12.0,0.066,280.69,23.59,38.61,31.1
133,1984,13.0,0.08199999999999999,284.01,26.82,36.78,31.8
134,1984,14.0,0.106,287.29,31.97,32.29,32.13
135,1984,15.0,0.134,289.81,36.51,31.32,33.91
136,1984,16.0,0.16699999999999998,291.64,40.83,34.47,37.65
137,1984,17.0,0.20800000000000002,293.55,45.83,39.8,42.81
138,1984,18.0,0.25,294.76,50.68,51.26,50.97
139,1984,19.0,0.28600000000000003,296.4,52.92,56.8,54.86
140,1984,20.0,0.312,297.85,52.8,56.0,54.4
141,1984,21.0,0.32899999999999996,298.7,51.95,58.34,55.14
142,1984,22.0,0.331,299.18,46.26,61.56,53.91
143,1984,23.0,0.324,299.17,39.04,65.96,52.5
144,1984,24.0,0.318,299.85,36.8,65.17,50.99
145,1984,25.0,0.308,300.87,33.48,61.95,47.71
146,1984,26.0,0.292,301.33,26.45,61.62,44.04
147,1984,27.0,0.27399999999999997,301.74,19.89,59.85,39.87
148,1984,28.0,0.254,301.94,15.58,57.26,36.42
149,1984,29.0,0.24,302.34,14.03,53.14,33.59
150,1984,30.0,0.226,302.54,13.06,50.54,31.8
151,1984,31.0,0.21100000000000002,302.32,12.05,51.13,31.59
152,1984,32.0,0.201,302.11,12.51,50.89,31.7
153,1984,33.0,0.195,301.9,13.76,50.77,32.26
154,1984,34.0,0.18899999999999997,301.44,14.73,51.79,33.26
155,1984,35.0,0.182,300.56,15.36,52.58,33.97
156,1984,36.0,0.17300000000000001,299.16,16.17,51.43,33.8
157,1984,37.0,0.17,298.31,19.77,41.81,30.79
158,1984,38.0,0.162,297.12,22.56,34.94,28.75
159,1984,39.0,0.147,294.75,23.12,39.31,31.21
160,1984,40.0,0.133,291.55,23.08,48.26,35.67
161,1984,41.0,0.12300000000000001,288.69,24.48,47.97,36.23
162,1984,42.0,0.11599999999999999,285.81,28.08,45.5,36.79
163,1984,43.0,0.107,282.35,29.9,47.42,38.66
164,1984,44.0,0.096,278.61,29.99,47.42,38.71
165,1984,45.0,0.09,275.4,31.47,47.44,39.46
166,1984,46.0,0.084,272.12,33.73,50.31,42.02
167,1984,47.0,0.08199999999999999,270.19,37.18,47.93,42.56
168,1984,48.0,0.083,269.3,42.05,40.4,41.22
169,1984,49.0,0.084,269.42,46.78,30.47,38.62
170,1985,9.0,0.036000000000000004,270.13,15.18,49.66,32.42
171,1985,10.0,0.032,271.47,11.19,54.83,33.01
172,1985,11.0,0.032,273.14,10.58,58.11,34.35
173,1985,12.0,0.037000000000000005,275.75,11.14,57.75,34.45
174,1985,13.0,0.048,279.14,13.17,54.9,34.03
175,1985,14.0,0.065,282.7,16.4,49.41,32.9
176,1985,15.0,0.08900000000000001,286.29,20.28,45.48,32.88
177,1985,16.0,0.122,289.61,24.84,43.21,34.03
178,1985,17.0,0.166,293.03,31.42,41.8,36.61
179,1985,18.0,0.204,295.82,34.02,41.9,37.96
180,1985,19.0,0.237,298.27,33.54,39.29,36.42
181,1985,20.0,0.265,298.88,32.63,45.7,39.17
182,1985,21.0,0.29100000000000004,298.96,34.62,55.44,45.03
183,1985,22.0,0.314,298.74,37.39,65.04,51.22
184,1985,23.0,0.331,298.4,42.12,72.65,57.38
185,1985,24.0,0.34600000000000003,298.37,50.51,78.47,64.49
186,1985,25.0,0.35700000000000004,298.38,57.91,84.05,70.98
187,1985,26.0,0.358,298.37,60.26,86.85,73.55
188,1985,27.0,0.354,298.5,60.93,86.28,73.6
189,1985,28.0,0.35,298.76,62.6,82.16,72.38
190,1985,29.0,0.345,299.48,65.21,75.01,70.11
191,1985,30.0,0.337,300.39,67.28,66.43,66.85
192,1985,31.0,0.324,301.18,67.6,58.88,63.24
193,1985,32.0,0.311,301.77,67.11,52.13,59.62
194,1985,33.0,0.295,302.11,64.56,47.54,56.05
195,1985,34.0,0.278,301.8,59.9,46.91,53.4
196,1985,35.0,0.259,300.85,55.03,47.53,51.28
197,1985,36.0,0.23399999999999999,299.07,47.86,49.02,48.44
198,1985,37.0,0.212,297.07,42.12,49.84,45.98
199,1985,38.0,0.193,295.18,39.52,50.99,45.26
200,1985,39.0,0.171,292.64,35.66,58.07,46.87
201,1985,40.0,0.149,289.88,30.77,63.03,46.9
202,1985,41.0,0.13,287.01,27.48,63.32,45.4
203,1985,42.0,0.11199999999999999,284.05,24.98,61.02,43.0
204,1985,43.0,0.09699999999999999,281.39,24.8,54.64,39.72
205,1985,44.0,0.086,278.45,24.83,48.54,36.68
206,1985,45.0,0.07400000000000001,275.59,23.04,46.52,34.78
207,1985,46.0,0.06,272.94,19.96,46.31,33.13
208,1985,47.0,0.045,269.36,14.99,51.77,33.38
209,1985,48.0,0.036000000000000004,265.06,12.21,58.8,35.51
210,1985,49.0,0.03,261.66,10.38,62.71,36.55
211,1985,50.0,0.027000000000000003,259.39,10.91,64.47,37.69
212,1985,51.0,0.027000000000000003,258.13,13.66,62.4,38.03
213,1985,52.0,0.024,256.96,12.34,61.75,37.05
214,1986,1.0,0.024,256.45,14.61,63.97,39.29
215,1986,2.0,0.025,257.17,17.41,59.98,38.69
216,1986,3.0,0.026000000000000002,259.23,21.07,51.36,36.22
217,1986,4.0,0.027999999999999997,261.46,23.43,45.67,34.55
218,1986,5.0,0.028999999999999998,263.78,24.21,42.01,33.11
219,1986,6.0,0.031,266.59,22.72,37.69,30.21
220,1986,7.0,0.034,269.73,20.42,33.87,27.14
221,1986,8.0,0.037000000000000005,272.6,19.0,31.92,25.46
222,1986,9.0,0.040999999999999995,274.89,18.81,32.1,25.46
223,1986,10.0,0.048,278.34,19.95,29.58,24.76
224,1986,11.0,0.061,282.88,24.15,20.92,22.54
225,1986,12.0,0.079,287.81,29.21,10.4,19.81
226,1986,13.0,0.102,291.86,35.36,5.32,20.34
227,1986,14.0,0.13,294.12,41.25,4.37,22.81
228,1986,15.0,0.16,295.84,46.31,4.53,25.42
229,1986,16.0,0.19699999999999998,297.53,51.59,5.12,28.35
230,1986,17.0,0.23399999999999999,298.5,55.3,8.28,31.79
231,1986,18.0,0.268,299.24,57.24,15.06,36.15
232,1986,19.0,0.293,300.0,55.8,23.48,39.64
233,1986,20.0,0.312,300.81,53.23,28.14,40.69
234,1986,21.0,0.32799999999999996,301.7,52.08,30.5,41.29
235,1986,22.0,0.335,302.25,48.53,33.63,41.08
236,1986,23.0,0.331,302.64,43.15,34.47,38.81
237,1986,24.0,0.32299999999999995,302.77,39.54,38.15,38.85
238,1986,25.0,0.313,302.86,35.72,43.5,39.61
239,1986,26.0,0.305,303.26,32.96,44.61,38.78
240,1986,27.0,0.292,303.43,29.0,45.88,37.44
241,1986,28.0,0.282,303.78,28.9,42.8,35.85
242,1986,29.0,0.278,304.53,31.87,36.26,34.07
243,1986,30.0,0.27399999999999997,305.23,35.59,29.71,32.65
244,1986,31.0,0.265,305.53,38.05,26.59,32.32
245,1986,32.0,0.254,305.31,38.31,26.34,32.33
246,1986,33.0,0.24100000000000002,305.16,36.57,25.41,30.99
247,1986,34.0,0.228,304.75,33.89,25.42,29.65
248,1986,35.0,0.209,303.96,29.09,24.6,26.85
249,1986,36.0,0.188,302.41,23.11,23.82,23.47
250,1986,37.0,0.16699999999999998,300.16,17.62,25.16,21.39
251,1986,38.0,0.149,297.39,14.7,32.61,23.65
252,1986,39.0,0.132,294.48,12.93,42.61,27.77
253,1986,40.0,0.111,291.57,9.41,48.77,29.09
254,1986,41.0,0.08900000000000001,288.27,5.8,53.05,29.43
255,1986,42.0,0.069,284.74,3.34,56.26,29.8
256,1986,43.0,0.051,280.74,1.67,60.18,30.92
257,1986,44.0,0.038,277.38,1.03,55.24,28.13
258,1986,45.0,0.031,274.63,1.06,51.91,26.48
259,1986,46.0,0.026000000000000002,272.39,1.93,49.24,25.58
260,1986,47.0,0.024,270.35,3.24,47.29,25.26
261,1986,48.0,0.022000000000000002,268.55,3.99,43.66,23.82
262,1986,49.0,0.021,265.65,4.53,46.2,25.36
263,1986,50.0,0.022000000000000002,261.35,7.31,56.26,31.79
264,1986,51.0,0.024,257.18,10.84,66.27,38.55
265,1986,52.0,0.024,254.22,12.38,72.92,42.65
266,1987,1.0,0.024,251.88,13.88,83.16,48.52
267,1987,2.0,0.023,250.51,15.0,88.14,51.57
268,1987,3.0,0.023,250.07,16.66,89.99,53.32
269,1987,4.0,0.02,251.09,14.27,89.27,51.77
270,1987,5.0,0.017,252.95,10.55,87.34,48.94
271,1987,6.0,0.016,254.76,8.09,85.54,46.82
272,1987,7.0,0.015,256.73,4.92,84.8,44.86
273,1987,8.0,0.013999999999999999,257.97,2.83,86.83,44.83
274,1987,9.0,0.012,259.89,1.22,87.87,44.54
275,1987,10.0,0.011000000000000001,261.82,0.28,90.63,45.46
276,1987,11.0,0.011000000000000001,263.37,0.18,95.54,47.86
277,1987,12.0,0.012,265.71,0.15,97.74,48.95
278,1987,13.0,0.017,268.3,0.13,98.27,49.2
279,1987,14.0,0.023,270.51,0.12,98.45,49.29
280,1987,15.0,0.035,274.09,0.16,97.79,48.98
281,1987,16.0,0.053,278.12,0.24,97.8,49.02
282,1987,17.0,0.078,283.69,0.35,97.5,48.93
283,1987,18.0,0.111,288.64,0.54,96.51,48.52
284,1987,19.0,0.153,291.98,0.97,94.15,47.56
285,1987,20.0,0.191,294.2,2.28,87.31,44.8
286,1987,21.0,0.225,295.06,4.94,89.15,47.05
287,1987,22.0,0.261,296.26,11.2,85.65,48.43
288,1987,23.0,0.293,297.25,22.89,81.58,52.23
289,1987,24.0,0.326,298.14,40.91,79.51,60.21
290,1987,25.0,0.35600000000000004,298.98,58.58,78.05,68.32
291,1987,26.0,0.376,299.66,70.95,75.47,73.21
292,1987,27.0,0.382,300.01,76.06,73.76,74.91
293,1987,28.0,0.38,300.4,78.35,69.18,73.77
294,1987,29.0,0.37200000000000005,300.72,78.98,65.67,72.33
295,1987,30.0,0.36200000000000004,301.0,79.27,62.44,70.85
296,1987,31.0,0.344,300.65,77.34,63.94,70.64
297,1987,32.0,0.325,300.02,74.28,66.97,70.62
298,1987,33.0,0.302,299.2,67.89,71.87,69.88
299,1987,34.0,0.27899999999999997,298.43,60.43,75.76,68.1
300,1987,35.0,0.259,297.88,54.64,74.69,64.67
301,1987,36.0,0.23399999999999999,296.73,47.48,71.93,59.71
302,1987,37.0,0.21100000000000002,294.84,41.34,73.14,57.24
303,1987,38.0,0.192,293.25,38.7,72.67,55.69
304,1987,39.0,0.17300000000000001,291.91,37.24,67.98,52.61
305,1987,40.0,0.154,289.49,33.93,68.92,51.43
306,1987,41.0,0.136,286.39,30.58,70.43,50.51
307,1987,42.0,0.11699999999999999,282.44,27.83,75.56,51.7
308,1987,43.0,0.098,277.51,25.4,82.63,54.02
309,1987,44.0,0.076,271.98,19.93,85.76,52.85
310,1987,45.0,0.061,268.04,16.37,85.7,51.03
311,1987,46.0,0.048,265.48,13.92,82.39,48.16
312,1987,47.0,0.043,264.82,14.26,73.13,43.69
313,1987,48.0,0.040999999999999995,264.39,15.29,62.21,38.75
314,1987,49.0,0.038,264.04,15.97,53.04,34.51
315,1987,50.0,0.037000000000000005,263.29,18.14,48.49,33.31
316,1987,51.0,0.035,263.08,20.87,42.28,31.57
317,1987,52.0,0.035,263.3,23.13,36.24,29.69
318,1988,1.0,0.035,262.79,27.83,37.39,32.61
319,1988,2.0,0.036000000000000004,262.15,30.72,38.82,34.77
320,1988,3.0,0.036000000000000004,262.29,32.75,39.05,35.9
321,1988,4.0,0.036000000000000004,261.34,32.54,47.07,39.81
322,1988,5.0,0.036000000000000004,260.48,30.82,56.6,43.71
323,1988,6.0,0.037000000000000005,260.51,27.68,62.63,45.16
324,1988,7.0,0.038,260.88,23.4,67.74,45.57
325,1988,8.0,0.04,261.43,21.48,71.78,46.63
326,1988,9.0,0.043,261.8,20.27,76.94,48.61
327,1988,10.0,0.046,262.44,19.11,82.11,50.61
328,1988,11.0,0.054000000000000006,265.04,20.79,82.83,51.81
329,1988,12.0,0.061,268.64,21.39,80.0,50.7
330,1988,13.0,0.073,273.53,23.14,73.76,48.45
331,1988,14.0,0.095,279.08,27.47,63.22,45.34
332,1988,15.0,0.127,283.78,33.75,56.46,45.11
333,1988,16.0,0.162,287.98,38.9,51.66,45.28
334,1988,17.0,0.19,290.02,39.36,60.87,50.11
335,1988,18.0,0.21600000000000003,291.39,38.4,75.73,57.07
336,1988,19.0,0.243,293.03,36.07,82.84,59.46
337,1988,20.0,0.271,294.99,35.83,78.97,57.4
338,1988,21.0,0.292,296.37,35.96,77.26,56.61
339,1988,22.0,0.308,297.24,35.23,77.09,56.16
340,1988,23.0,0.322,297.73,38.73,77.57,58.15
341,1988,24.0,0.33399999999999996,298.38,45.68,77.61,61.65
342,1988,25.0,0.337,298.77,48.73,79.78,64.25
343,1988,26.0,0.33799999999999997,299.13,51.04,79.71,65.37
344,1988,27.0,0.34,299.56,54.19,77.52,65.85
345,1988,28.0,0.341,299.92,58.89,73.36,66.12
346,1988,29.0,0.33899999999999997,300.29,62.39,69.37,65.88
347,1988,30.0,0.32799999999999996,300.4,62.83,67.36,65.09
348,1988,31.0,0.314,300.2,62.62,67.47,65.04
349,1988,32.0,0.297,300.1,60.61,66.5,63.55
350,1988,33.0,0.27899999999999997,300.03,56.26,65.55,60.9
351,1988,34.0,0.253,299.15,46.92,70.11,58.51
352,1988,35.0,0.218,297.65,33.11,76.17,54.64
353,1988,36.0,0.19399999999999998,296.18,26.18,75.73,50.96
354,1988,37.0,0.179,294.77,23.79,72.48,48.14
355,1988,38.0,0.174,293.47,28.91,69.28,49.1
356,1988,39.0,0.17800000000000002,292.05,39.96,65.93,52.95
357,1988,40.0,0.183,290.42,50.44,59.55,55.0
358,1988,41.0,0.179,287.94,53.82,56.12,54.97
359,1988,42.0,0.175,284.87,56.87,55.16,56.01
360,1988,43.0,0.166,281.65,58.75,53.61,56.18
361,1988,44.0,0.151,278.72,56.3,47.32,51.81
362,1988,45.0,0.132,275.87,52.63,45.16,48.89
363,1988,46.0,0.115,273.61,50.5,42.89,46.69
364,1988,47.0,0.099,271.88,46.5,39.78,43.14
365,1988,48.0,0.083,270.11,41.16,36.54,38.85
366,1988,49.0,0.07200000000000001,268.44,37.98,34.39,36.18
367,1988,50.0,0.064,266.77,37.73,33.91,35.82
368,1988,51.0,0.057,265.71,39.07,31.5,35.28
369,1988,52.0,0.054000000000000006,265.91,40.54,25.98,33.26
370,1989,1.0,0.053,266.74,47.71,20.96,34.33
371,1989,2.0,0.053,268.16,50.26,13.75,32.0
372,1989,3.0,0.052000000000000005,269.22,49.83,10.8,30.32
373,1989,4.0,0.055,270.96,52.4,8.19,30.3
374,1989,5.0,0.061,273.18,55.19,5.73,30.46
375,1989,6.0,0.068,274.49,54.52,7.18,30.85
376,1989,7.0,0.075,276.04,51.89,9.93,30.91
377,1989,8.0,0.085,278.36,50.98,10.79,30.88
378,1989,9.0,0.098,280.75,52.97,10.68,31.83
379,1989,10.0,0.11699999999999999,283.06,56.19,12.38,34.28
380,1989,11.0,0.136,284.97,59.44,13.17,36.31
381,1989,12.0,0.157,286.92,63.06,14.25,38.65
382,1989,13.0,0.18600000000000003,289.24,68.87,15.95,42.41
383,1989,14.0,0.21600000000000003,291.49,73.89,15.28,44.59
384,1989,15.0,0.248,293.35,78.06,15.81,46.94
385,1989,16.0,0.282,294.84,81.27,18.63,49.95
386,1989,17.0,0.309,296.08,80.7,23.9,52.3
387,1989,18.0,0.33,297.26,79.06,31.75,55.4
388,1989,19.0,0.344,297.96,75.04,43.02,59.03
389,1989,20.0,0.35100000000000003,298.57,68.86,49.43,59.14
390,1989,21.0,0.353,299.41,63.13,51.99,57.56
391,1989,22.0,0.34700000000000003,299.92,54.75,54.93,54.84
392,1989,23.0,0.33299999999999996,299.97,44.6,58.79,51.7
393,1989,24.0,0.316,300.14,36.24,62.25,49.24
394,1989,25.0,0.303,300.29,30.82,66.65,48.74
395,1989,26.0,0.298,300.82,29.91,65.68,47.79
396,1989,27.0,0.294,301.4,30.57,62.36,46.47
397,1989,28.0,0.289,302.09,33.04,55.83,44.44
398,1989,29.0,0.282,302.86,34.61,48.85,41.73
399,1989,30.0,0.268,303.37,33.29,43.76,38.53
400,1989,31.0,0.254,303.85,32.85,39.01,35.93
401,1989,32.0,0.239,304.21,31.23,34.18,32.71
402,1989,33.0,0.223,303.8,27.7,35.24,31.47
403,1989,34.0,0.21100000000000002,302.88,25.49,39.42,32.45
404,1989,35.0,0.20199999999999999,301.56,25.44,43.17,34.3
405,1989,36.0,0.19699999999999998,299.64,28.41,45.76,37.09
406,1989,37.0,0.196,297.89,33.31,43.82,38.57
407,1989,38.0,0.19899999999999998,296.03,43.18,43.87,43.52
408,1989,39.0,0.203,294.14,55.01,44.17,49.59
409,1989,40.0,0.20800000000000002,291.87,64.99,44.36,54.68
410,1989,41.0,0.212,289.8,71.56,37.33,54.45
411,1989,42.0,0.214,287.87,76.85,27.7,52.28
412,1989,43.0,0.21,285.81,80.34,22.1,51.22
413,1989,44.0,0.19899999999999998,283.55,79.76,17.7,48.73
414,1989,45.0,0.175,280.31,74.48,20.96,47.72
415,1989,46.0,0.146,276.51,67.14,28.54,47.84
416,1989,47.0,0.12300000000000001,273.16,60.32,34.04,47.18
417,1989,48.0,0.102,270.56,52.71,34.89,43.8
418,1989,49.0,0.09,269.0,49.46,32.45,40.96
419,1989,50.0,0.08,267.88,49.32,29.72,39.52
420,1989,51.0,0.071,266.78,49.77,27.47,38.62
421,1989,52.0,0.063,266.07,48.64,25.69,37.17
422,1990,1.0,0.061,266.06,53.95,24.48,39.21
423,1990,2.0,0.065,266.86,60.98,19.65,40.31
424,1990,3.0,0.071,268.03,68.23,15.97,42.1
425,1990,4.0,0.076,269.7,73.08,13.36,43.22
426,1990,5.0,0.085,272.2,77.6,9.13,43.36
427,1990,6.0,0.1,274.86,82.17,5.67,43.92
428,1990,7.0,0.12300000000000001,277.67,87.74,3.76,45.75
429,1990,8.0,0.145,280.56,91.12,2.8,46.96
430,1990,9.0,0.166,283.05,92.89,2.38,47.64
431,1990,10.0,0.193,286.01,95.31,1.62,48.47
432,1990,11.0,0.217,287.97,96.43,1.73,49.08
433,1990,12.0,0.23800000000000002,289.63,97.01,3.39,50.2
434,1990,13.0,0.256,291.02,96.75,8.63,52.69
435,1990,14.0,0.27399999999999997,292.22,95.42,12.0,53.71
436,1990,15.0,0.29,292.93,92.81,17.15,54.98
437,1990,16.0,0.307,293.27,89.74,25.71,57.73
438,1990,17.0,0.33,294.14,87.98,35.35,61.67
439,1990,18.0,0.35200000000000004,295.39,87.06,46.05,66.56
440,1990,19.0,0.36700000000000005,296.46,84.34,55.93,70.13
441,1990,20.0,0.375,297.55,79.4,58.17,68.78
442,1990,21.0,0.368,298.11,70.88,63.19,67.04
443,1990,22.0,0.355,298.77,59.66,64.77,62.22
444,1990,23.0,0.342,299.62,50.38,61.63,56.01
445,1990,24.0,0.32799999999999996,300.07,43.87,62.99,53.43
446,1990,25.0,0.318,300.92,39.91,61.23,50.57
447,1990,26.0,0.309,301.78,36.38,57.45,46.92
448,1990,27.0,0.295,302.32,31.67,54.78,43.23
449,1990,28.0,0.28,302.73,28.72,50.66,39.69
450,1990,29.0,0.264,302.83,25.46,49.04,37.25
451,1990,30.0,0.249,303.06,23.62,46.13,34.87
452,1990,31.0,0.23399999999999999,303.24,22.82,43.73,33.28
453,1990,32.0,0.222,303.11,22.66,42.85,32.76
454,1990,33.0,0.215,302.72,23.53,44.05,33.79
455,1990,34.0,0.20800000000000002,301.85,24.08,48.13,36.1
456,1990,35.0,0.201,300.67,24.79,51.32,38.06
457,1990,36.0,0.196,298.95,27.38,52.76,40.07
458,1990,37.0,0.19,297.15,29.99,52.05,41.02
459,1990,38.0,0.18600000000000003,295.47,35.43,50.91,43.17
460,1990,39.0,0.18600000000000003,294.15,44.77,45.18,44.98
461,1990,40.0,0.184,292.5,51.3,38.5,44.9
462,1990,41.0,0.17800000000000002,290.45,53.58,31.24,42.41
463,1990,42.0,0.16699999999999998,288.03,53.19,26.29,39.74
464,1990,43.0,0.149,284.71,50.56,29.99,40.28
465,1990,44.0,0.13,282.23,46.14,25.26,35.7
466,1990,45.0,0.11199999999999999,280.31,42.41,20.6,31.5
467,1990,46.0,0.096,278.08,39.73,20.6,30.17
468,1990,47.0,0.08900000000000001,276.15,40.23,19.85,30.04
469,1990,48.0,0.08199999999999999,274.41,40.05,17.75,28.9
470,1990,49.0,0.078,272.88,42.14,16.04,29.09
471,1990,50.0,0.073,271.4,44.12,14.94,29.53
472,1990,51.0,0.07200000000000001,270.34,50.28,12.66,31.47
473,1990,52.0,0.073,269.54,58.01,11.49,34.75
474,1991,1.0,0.076,269.31,71.17,10.37,40.77
475,1991,2.0,0.075,268.99,73.26,9.82,41.54
476,1991,3.0,0.07400000000000001,268.16,73.56,14.47,44.01
477,1991,4.0,0.07,266.55,68.25,25.72,46.99
478,1991,5.0,0.066,266.51,59.75,32.17,45.96
479,1991,6.0,0.059000000000000004,266.74,47.24,38.24,42.74
480,1991,7.0,0.051,265.76,32.77,50.2,41.48
481,1991,8.0,0.045,265.02,24.33,60.61,42.47
482,1991,9.0,0.045,265.06,20.75,68.33,44.54
483,1991,10.0,0.049,267.58,19.92,69.11,44.52
484,1991,11.0,0.053,271.08,20.09,66.5,43.29
485,1991,12.0,0.067,276.99,23.73,54.14,38.93
486,1991,13.0,0.087,282.05,28.75,44.89,36.82
487,1991,14.0,0.11199999999999999,286.11,33.83,36.92,35.37
488,1991,15.0,0.146,289.09,40.81,33.99,37.4
489,1991,16.0,0.19399999999999998,290.91,50.17,37.23,43.7
490,1991,17.0,0.24,292.49,57.03,45.36,51.19
491,1991,18.0,0.276,294.34,60.15,53.98,57.07
492,1991,19.0,0.307,295.65,61.28,62.84,62.06
493,1991,20.0,0.332,296.02,61.46,71.57,66.52
494,1991,21.0,0.353,297.05,63.51,72.58,68.05
495,1991,22.0,0.365,298.44,63.83,67.65,65.74
496,1991,23.0,0.37,299.81,64.36,60.2,62.28
497,1991,24.0,0.366,300.56,63.64,58.75,61.2
498,1991,25.0,0.364,301.49,63.87,56.27,60.07
499,1991,26.0,0.35600000000000004,302.52,61.48,51.25,56.36
500,1991,27.0,0.342,302.99,55.82,49.36,52.59
501,1991,28.0,0.325,303.11,51.54,47.99,49.77
502,1991,29.0,0.313,303.48,50.07,44.26,47.17
503,1991,30.0,0.3,303.93,49.17,39.71,44.44
504,1991,31.0,0.28,303.68,45.77,40.74,43.25
505,1991,32.0,0.262,302.89,42.63,44.87,43.75
506,1991,33.0,0.248,301.96,40.31,50.37,45.34
507,1991,34.0,0.239,300.99,39.96,55.41,47.68
508,1991,35.0,0.22899999999999998,299.98,39.46,57.32,48.39
509,1991,36.0,0.215,298.91,37.94,53.56,45.75
510,1991,37.0,0.205,297.83,38.31,46.25,42.28
511,1991,38.0,0.19699999999999998,297.07,41.97,35.68,38.82
512,1991,39.0,0.188,295.92,45.57,27.62,36.59
513,1991,40.0,0.17300000000000001,293.38,44.46,30.33,37.4
514,1991,41.0,0.154,290.34,40.24,32.86,36.55
515,1991,42.0,0.141,287.46,39.71,31.94,35.83
516,1991,43.0,0.126,283.47,38.77,39.75,39.26
517,1991,44.0,0.106,279.56,34.36,42.0,38.18
518,1991,45.0,0.08800000000000001,276.2,30.33,43.37,36.85
519,1991,46.0,0.076,273.36,29.01,44.43,36.72
520,1991,47.0,0.068,270.4,28.32,47.32,37.82
521,1991,48.0,0.059000000000000004,267.58,26.57,48.35,37.46
522,1991,49.0,0.05,265.1,24.04,48.94,36.49
523,1991,50.0,0.046,263.84,25.49,46.66,36.07
524,1991,51.0,0.045,263.67,28.79,40.44,34.61
525,1991,52.0,0.044000000000000004,263.22,31.22,37.31,34.27
526,1992,1.0,0.043,261.74,36.16,42.6,39.38
527,1992,2.0,0.042,260.64,36.88,46.03,41.45
528,1992,3.0,0.042,260.15,38.59,48.62,43.61
529,1992,4.0,0.04,259.88,36.47,53.51,44.99
530,1992,5.0,0.038,259.64,31.87,60.31,46.09
531,1992,6.0,0.038,260.82,28.88,61.84,45.36
532,1992,7.0,0.042,262.83,26.09,61.6,43.85
533,1992,8.0,0.045,265.68,24.31,58.31,41.31
534,1992,9.0,0.051,269.27,24.8,52.98,38.89
535,1992,10.0,0.06,273.59,25.94,47.06,36.5
536,1992,11.0,0.07400000000000001,277.61,29.9,41.25,35.57
537,1992,12.0,0.091,281.58,34.32,35.42,34.87
538,1992,13.0,0.10800000000000001,284.33,37.34,35.43,36.38
539,1992,14.0,0.129,286.52,40.62,35.19,37.91
540,1992,15.0,0.151,288.2,42.66,37.89,40.27
541,1992,16.0,0.179,290.24,44.96,40.7,42.83
542,1992,17.0,0.215,292.66,48.23,44.34,46.29
543,1992,18.0,0.253,294.21,51.65,54.87,53.26
544,1992,19.0,0.282,295.19,51.33,67.01,59.17
545,1992,20.0,0.304,295.64,49.75,75.17,62.46
546,1992,21.0,0.322,295.7,49.28,84.48,66.88
547,1992,22.0,0.33299999999999996,295.83,47.55,90.34,68.94
548,1992,23.0,0.34299999999999997,295.89,49.6,94.08,71.84
549,1992,24.0,0.353,296.57,55.71,93.86,74.78
550,1992,25.0,0.35700000000000004,297.65,59.85,89.8,74.82
551,1992,26.0,0.353,298.47,59.45,85.04,72.24
552,1992,27.0,0.34600000000000003,299.04,57.97,80.54,69.26
553,1992,28.0,0.335,299.68,56.53,73.35,64.94
554,1992,29.0,0.32899999999999996,300.69,58.02,64.44,61.23
555,1992,30.0,0.318,301.49,58.21,57.16,57.68
556,1992,31.0,0.301,301.8,56.29,53.79,55.04
557,1992,32.0,0.28300000000000003,301.93,53.7,51.04,52.37
558,1992,33.0,0.268,301.98,50.65,48.98,49.81
559,1992,34.0,0.251,301.45,46.04,50.43,48.23
560,1992,35.0,0.226,299.94,38.05,56.13,47.09
561,1992,36.0,0.201,297.55,30.14,63.16,46.65
562,1992,37.0,0.174,295.01,21.09,69.66,45.37
563,1992,38.0,0.152,292.62,16.22,76.55,46.38
564,1992,39.0,0.135,289.98,14.28,84.79,49.53
565,1992,40.0,0.121,287.11,14.67,89.63,52.15
566,1992,41.0,0.109,283.66,15.72,93.34,54.53
567,1992,42.0,0.095,280.16,16.25,92.73,54.49
568,1992,43.0,0.078,276.46,14.93,88.73,51.83
569,1992,44.0,0.065,272.23,14.01,83.92,48.97
570,1992,45.0,0.059000000000000004,269.09,15.2,79.94,47.57
571,1992,46.0,0.055999999999999994,266.67,18.22,76.26,47.24
572,1992,47.0,0.054000000000000006,264.64,20.47,73.44,46.96
573,1992,48.0,0.053,262.94,22.94,68.17,45.55
574,1992,49.0,0.052000000000000005,261.44,25.77,63.73,44.75
575,1992,50.0,0.052000000000000005,261.1,29.67,57.66,43.66
576,1992,51.0,0.051,261.81,34.79,47.85,41.32
577,1992,52.0,0.051,262.46,39.43,40.18,39.81
578,1993,1.0,0.051,263.21,47.08,35.89,41.49
579,1993,2.0,0.051,263.72,49.8,32.24,41.02
580,1993,3.0,0.051,265.57,51.27,25.26,38.27
581,1993,4.0,0.053,267.24,52.15,22.64,37.4
582,1993,5.0,0.054000000000000006,267.91,49.88,26.11,38.0
583,1993,6.0,0.054000000000000006,268.98,43.66,28.88,36.27
584,1993,7.0,0.053,269.76,35.29,34.41,34.85
585,1993,8.0,0.051,270.73,29.13,39.25,34.19
586,1993,9.0,0.052000000000000005,272.51,25.95,41.08,33.52
587,1993,10.0,0.054000000000000006,274.36,23.27,44.39,33.83
588,1993,11.0,0.057,276.25,22.35,46.63,34.49
589,1993,12.0,0.065,278.31,23.14,48.51,35.82
590,1993,13.0,0.075,280.84,23.85,49.47,36.66
591,1993,14.0,0.091,283.81,26.0,46.12,36.06
592,1993,15.0,0.11800000000000001,287.16,30.48,42.49,36.48
593,1993,16.0,0.155,290.43,36.37,39.88,38.12
594,1993,17.0,0.196,293.09,41.48,42.32,41.9
595,1993,18.0,0.23399999999999999,294.62,44.77,52.42,48.59
596,1993,19.0,0.272,295.93,47.4,61.08,54.24
597,1993,20.0,0.311,296.28,52.37,70.01,61.19
598,1993,21.0,0.348,296.79,60.72,75.2,67.96
599,1993,22.0,0.373,297.75,67.28,73.96,70.62
600,1993,23.0,0.386,298.59,72.05,71.03,71.54
601,1993,24.0,0.38799999999999996,299.01,74.57,72.65,73.61
602,1993,25.0,0.38799999999999996,299.19,75.91,76.75,76.33
603,1993,26.0,0.38,299.53,73.45,76.86,75.15
604,1993,27.0,0.373,300.71,71.43,68.12,69.78
605,1993,28.0,0.36,301.73,68.42,58.64,63.53
606,1993,29.0,0.34600000000000003,302.52,66.42,51.44,58.93
607,1993,30.0,0.331,303.15,64.44,45.35,54.9
608,1993,31.0,0.309,303.18,59.79,43.98,51.89
609,1993,32.0,0.281,302.65,51.82,46.09,48.95
610,1993,33.0,0.257,301.37,44.45,54.3,49.38
611,1993,34.0,0.24100000000000002,300.14,40.66,61.45,51.06
612,1993,35.0,0.231,299.06,39.93,64.24,52.09
613,1993,36.0,0.22,297.73,40.27,62.64,51.45
614,1993,37.0,0.20800000000000002,296.29,39.81,59.1,49.46
615,1993,38.0,0.191,294.58,38.31,58.71,48.51
616,1993,39.0,0.172,292.78,35.86,58.28,47.07
617,1993,40.0,0.147,290.58,29.61,57.4,43.51
618,1993,41.0,0.121,287.82,22.47,56.36,39.42
619,1993,42.0,0.10099999999999999,284.81,19.51,54.69,37.1
620,1993,43.0,0.086,282.04,19.28,50.25,34.77
621,1993,44.0,0.076,279.35,19.76,43.36,31.56
622,1993,45.0,0.068,277.02,20.11,38.9,29.51
623,1993,46.0,0.063,274.77,22.42,37.05,29.74
624,1993,47.0,0.061,273.05,25.29,34.12,29.7
625,1993,48.0,0.063,272.24,29.75,27.08,28.41
626,1993,49.0,0.065,271.64,33.94,21.1,27.52
627,1993,50.0,0.065,270.96,38.66,16.85,27.75
628,1993,51.0,0.065,270.68,44.55,12.08,28.31
629,1993,52.0,0.066,270.14,50.58,10.74,30.66
630,1994,1.0,0.067,267.95,61.51,16.96,39.23
631,1994,2.0,0.068,265.25,66.4,25.92,46.16
632,1994,3.0,0.07200000000000001,264.11,72.38,31.41,51.89
633,1994,4.0,0.066,263.52,66.34,37.86,52.1
634,1994,5.0,0.064,263.14,60.66,45.47,53.06
635,1994,6.0,0.062,262.98,51.31,52.97,52.14
636,1994,7.0,0.059000000000000004,262.64,40.24,62.0,51.12
637,1994,8.0,0.055999999999999994,263.63,32.31,65.48,48.9
638,1994,9.0,0.055,264.12,27.54,70.98,49.26
639,1994,10.0,0.054000000000000006,265.73,23.01,74.25,48.63
640,1994,11.0,0.055,269.22,21.25,71.99,46.62
641,1994,12.0,0.06,274.2,21.06,64.54,42.8
642,1994,13.0,0.07,279.26,22.08,55.92,39.0
643,1994,14.0,0.085,283.06,24.06,49.45,36.75
644,1994,15.0,0.102,285.84,24.91,48.22,36.57
645,1994,16.0,0.129,289.07,27.41,46.48,36.94
646,1994,17.0,0.16699999999999998,291.13,31.53,53.92,42.73
647,1994,18.0,0.21600000000000003,292.61,38.4,66.78,52.59
648,1994,19.0,0.266,293.74,44.77,77.26,61.01
649,1994,20.0,0.306,294.5,50.17,82.24,66.2
650,1994,21.0,0.33899999999999997,295.28,56.57,85.76,71.16
651,1994,22.0,0.363,295.8,62.01,88.07,75.04
652,1994,23.0,0.379,295.99,68.09,90.48,79.29
653,1994,24.0,0.391,296.67,75.59,90.93,83.26
654,1994,25.0,0.397,298.03,80.11,86.45,83.28
655,1994,26.0,0.39399999999999996,299.4,80.19,78.29,79.24
656,1994,27.0,0.38,300.36,75.37,71.34,73.35
657,1994,28.0,0.35600000000000004,301.03,66.78,64.55,65.67
658,1994,29.0,0.33299999999999996,301.97,60.02,56.13,58.07
659,1994,30.0,0.311,302.62,54.53,49.9,52.21
660,1994,31.0,0.289,302.98,50.45,46.02,48.24
661,1994,32.0,0.26899999999999996,303.08,45.95,43.3,44.62
662,1994,33.0,0.248,303.05,40.28,41.56,40.92
663,1994,34.0,0.233,302.96,36.33,39.39,37.86
664,1994,35.0,0.22,302.73,34.79,34.51,34.65
665,1994,36.0,0.22,303.12,40.65,19.86,30.25
666,1995,7.0,0.034,267.45,19.5,43.47,31.48
667,1995,8.0,0.036000000000000004,272.04,18.15,34.59,26.37
668,1995,9.0,0.039,275.26,17.28,31.14,24.21
669,1995,10.0,0.044000000000000004,277.95,17.32,31.26,24.29
670,1995,11.0,0.048,279.6,17.87,33.69,25.78
671,1995,12.0,0.052000000000000005,280.74,17.45,38.75,28.1
672,1995,13.0,0.06,281.58,18.0,46.33,32.17
673,1995,14.0,0.077,283.27,20.57,48.22,34.39
674,1995,15.0,0.099,285.31,23.66,50.35,37.0
675,1995,16.0,0.127,287.34,26.49,54.49,40.49
676,1995,17.0,0.16,288.54,28.71,67.94,48.32
677,1995,18.0,0.2,290.57,32.32,77.86,55.09
678,1995,19.0,0.244,293.07,36.0,79.92,57.96
679,1995,20.0,0.292,295.41,44.22,76.45,60.33
680,1995,21.0,0.33799999999999997,297.89,56.43,65.04,60.73
681,1995,22.0,0.364,299.55,62.82,57.64,60.23
682,1995,23.0,0.377,301.15,67.75,47.72,57.73
683,1995,24.0,0.373,301.71,66.83,47.68,57.26
684,1995,25.0,0.36200000000000004,301.48,62.37,55.82,59.1
685,1995,26.0,0.353,301.77,59.77,57.07,58.42
686,1995,27.0,0.34600000000000003,302.36,58.22,53.98,56.1
687,1995,28.0,0.337,302.93,57.62,48.67,53.14
688,1995,29.0,0.324,303.28,55.98,45.17,50.58
689,1995,30.0,0.309,303.66,54.12,41.34,47.73
690,1995,31.0,0.294,303.83,52.81,39.21,46.01
691,1995,32.0,0.27699999999999997,303.8,50.67,37.63,44.15
692,1995,33.0,0.264,303.7,48.51,36.62,42.57
693,1995,34.0,0.252,303.54,46.74,35.14,40.94
694,1995,35.0,0.24,303.04,45.39,32.42,38.9
695,1995,36.0,0.226,302.05,43.85,27.25,35.55
696,1995,37.0,0.207,300.41,39.73,23.55,31.64
697,1995,38.0,0.191,298.28,38.68,24.63,31.66
698,1995,39.0,0.17800000000000002,296.05,40.02,27.09,33.55
699,1995,40.0,0.165,293.77,40.0,27.1,33.55
700,1995,41.0,0.15,290.99,38.22,27.16,32.69
701,1995,42.0,0.132,287.87,35.85,28.71,32.28
702,1995,43.0,0.113,284.55,32.59,32.05,32.32
703,1995,44.0,0.08900000000000001,280.32,26.14,37.48,31.81
704,1995,45.0,0.068,276.17,19.95,43.39,31.67
705,1995,46.0,0.05,272.76,14.54,47.21,30.88
706,1995,47.0,0.037000000000000005,269.81,10.32,49.76,30.04
707,1995,48.0,0.027000000000000003,267.22,6.78,49.59,28.19
708,1995,49.0,0.02,264.68,4.05,50.3,27.17
709,1995,50.0,0.013999999999999999,262.94,1.27,49.77,25.52
710,1995,51.0,0.011000000000000001,261.71,0.35,47.48,23.92
711,1995,52.0,0.012,261.0,0.32,44.93,22.63
712,1996,1.0,0.013000000000000001,260.51,0.43,46.31,23.37
713,1996,2.0,0.012,259.75,0.53,48.53,24.53
714,1996,3.0,0.009000000000000001,259.4,0.47,50.64,25.55
715,1996,4.0,0.008,258.91,0.17,56.45,28.31
716,1996,5.0,0.006999999999999999,258.11,0.06,65.34,32.7
717,1996,6.0,0.006999999999999999,257.89,0.13,72.17,36.15
718,1996,7.0,0.009000000000000001,259.45,0.45,72.92,36.69
719,1996,8.0,0.012,261.49,1.4,72.0,36.7
720,1996,9.0,0.017,264.63,3.99,68.67,36.33
721,1996,10.0,0.028999999999999998,268.4,9.46,65.29,37.37
722,1996,11.0,0.043,272.64,15.38,60.25,37.81
723,1996,12.0,0.06,277.04,20.93,54.0,37.47
724,1996,13.0,0.079,281.05,25.98,49.08,37.53
725,1996,14.0,0.105,284.8,31.83,42.5,37.16
726,1996,15.0,0.136,288.49,37.47,36.82,37.15
727,1996,16.0,0.168,292.1,41.46,31.62,36.54
728,1996,17.0,0.207,295.31,45.44,28.22,36.83
729,1996,18.0,0.243,297.72,47.84,27.79,37.81
730,1996,19.0,0.27399999999999997,299.34,47.62,30.45,39.04
731,1996,20.0,0.301,300.54,47.49,31.36,39.42
732,1996,21.0,0.319,301.01,46.88,37.42,42.15
733,1996,22.0,0.331,301.85,45.33,37.66,41.49
734,1996,23.0,0.336,303.2,45.1,29.9,37.5
735,1996,24.0,0.33299999999999996,304.42,44.15,23.42,33.79
736,1996,25.0,0.324,305.64,40.73,18.63,29.68
737,1996,26.0,0.311,306.52,35.99,16.38,26.18
738,1996,27.0,0.295,306.88,30.36,17.02,23.69
739,1996,28.0,0.278,307.06,26.67,16.2,21.43
740,1996,29.0,0.263,307.09,24.4,15.44,19.92
741,1996,30.0,0.249,306.29,23.45,20.38,21.91
742,1996,31.0,0.23800000000000002,305.02,24.73,29.37,27.05
743,1996,32.0,0.22899999999999998,303.32,25.92,40.53,33.22
744,1996,33.0,0.226,301.31,28.31,54.34,41.32
745,1996,34.0,0.222,298.82,30.68,71.5,51.09
746,1996,35.0,0.22399999999999998,296.33,36.39,85.98,61.19
747,1996,36.0,0.226,293.86,43.15,94.33,68.74
748,1996,37.0,0.233,291.96,52.83,96.61,74.72
749,1996,38.0,0.245,290.7,68.08,94.75,81.41
750,1996,39.0,0.256,289.66,84.39,88.82,86.6
751,1996,40.0,0.258,288.25,91.47,80.29,85.88
752,1996,41.0,0.255,287.05,92.78,63.79,78.29
753,1996,42.0,0.247,285.42,92.43,49.57,71.0
754,1996,43.0,0.23199999999999998,283.7,90.54,37.97,64.25
755,1996,44.0,0.221,282.38,89.99,24.94,57.47
756,1996,45.0,0.204,279.91,88.34,23.28,55.81
757,1996,46.0,0.18,277.28,84.41,24.88,54.65
758,1996,47.0,0.153,274.8,76.57,26.47,51.52
759,1996,48.0,0.122,271.64,64.5,30.42,47.46
760,1996,49.0,0.09300000000000001,268.45,51.69,34.89,43.29
761,1996,50.0,0.068,264.53,40.59,43.56,42.08
762,1996,51.0,0.053,261.18,35.22,50.04,42.63
763,1996,52.0,0.04,258.65,27.53,54.96,41.24
764,1997,1.0,0.027999999999999997,257.47,18.83,59.69,39.26
765,1997,2.0,0.02,257.72,10.66,57.72,34.19
766,1997,3.0,0.016,258.78,7.95,53.81,30.88
767,1997,4.0,0.016,260.47,9.37,50.59,29.98
768,1997,5.0,0.024,262.41,17.16,48.61,32.88
769,1997,6.0,0.032,263.53,22.63,50.75,36.69
770,1997,7.0,0.044000000000000004,266.51,27.71,46.97,37.34
771,1997,8.0,0.063,270.06,36.29,41.5,38.89
772,1997,9.0,0.085,273.58,45.42,36.89,41.15
773,1997,10.0,0.11,277.56,52.53,32.32,42.43
774,1997,11.0,0.134,280.93,58.52,28.35,43.43
775,1997,12.0,0.152,283.66,60.96,26.9,43.93
776,1997,13.0,0.16699999999999998,285.46,61.55,30.64,46.09
777,1997,14.0,0.183,286.86,61.68,33.37,47.52
778,1997,15.0,0.207,289.6,63.21,31.3,47.26
779,1997,16.0,0.242,292.16,67.33,30.89,49.11
780,1997,17.0,0.28800000000000003,294.52,73.92,32.28,53.1
781,1997,18.0,0.32799999999999996,295.91,78.91,40.44,59.68
782,1997,19.0,0.355,297.32,80.17,46.86,63.51
783,1997,20.0,0.374,298.65,79.12,46.9,63.01
784,1997,21.0,0.38,298.39,75.91,59.44,67.67
785,1997,22.0,0.381,297.8,71.96,71.87,71.92
786,1997,23.0,0.382,297.94,71.14,75.06,73.1
787,1997,24.0,0.38299999999999995,298.12,73.38,78.88,76.13
788,1997,25.0,0.382,298.11,73.91,84.55,79.23
789,1997,26.0,0.376,297.78,72.64,90.03,81.33
790,1997,27.0,0.369,297.33,70.37,93.94,82.16
791,1997,28.0,0.35600000000000004,296.65,67.15,97.01,82.08
792,1997,29.0,0.35,296.31,68.91,98.28,83.6
793,1997,30.0,0.35100000000000003,296.13,74.34,98.67,86.51
794,1997,31.0,0.35100000000000003,295.91,80.92,98.82,89.87
795,1997,32.0,0.35100000000000003,295.71,86.84,98.96,92.9
796,1997,33.0,0.35,295.58,91.66,99.0,95.33
797,1997,34.0,0.348,295.39,94.59,98.79,96.69
798,1997,35.0,0.33899999999999997,294.98,95.86,97.23,96.55
799,1997,36.0,0.32799999999999996,294.17,96.85,92.47,94.66
800,1997,37.0,0.314,293.24,97.08,86.21,91.65
801,1997,38.0,0.293,291.91,95.69,84.08,89.89
802,1997,39.0,0.263,289.59,89.22,89.38,89.3
803,1997,40.0,0.22899999999999998,287.02,76.48,91.15,83.81
804,1997,41.0,0.19899999999999998,284.86,64.5,83.3,73.9
805,1997,42.0,0.18,282.88,59.63,71.07,65.35
806,1997,43.0,0.162,280.49,56.82,61.07,58.94
807,1997,44.0,0.14400000000000002,277.96,52.83,51.07,51.95
808,1997,45.0,0.121,274.99,47.2,49.44,48.32
809,1997,46.0,0.098,271.26,40.91,54.3,47.61
810,1997,47.0,0.08199999999999999,268.04,36.56,57.81,47.19
811,1997,48.0,0.07,265.49,33.25,57.07,45.16
812,1997,49.0,0.068,263.43,35.51,55.53,45.52
813,1997,50.0,0.068,261.81,40.94,54.76,47.85
814,1997,51.0,0.065,260.71,45.42,52.36,48.89
815,1997,52.0,0.062,260.06,48.83,49.87,49.35
816,1998,1.0,0.06,260.37,56.33,48.04,52.18
817,1998,2.0,0.061,262.32,61.11,38.28,49.7
818,1998,3.0,0.063,264.98,64.43,27.67,46.05
819,1998,4.0,0.065,266.83,64.94,24.15,44.54
820,1998,5.0,0.068,268.14,62.98,24.89,43.93
821,1998,6.0,0.068,269.08,55.83,28.22,42.03
822,1998,7.0,0.068,269.88,47.36,33.6,40.48
823,1998,8.0,0.069,270.88,40.85,38.37,39.61
824,1998,9.0,0.071,272.21,36.7,41.78,39.24
825,1998,10.0,0.07400000000000001,273.49,33.48,47.07,40.27
826,1998,11.0,0.083,275.53,34.26,48.85,41.56
827,1998,12.0,0.094,278.14,35.74,48.6,42.17
828,1998,13.0,0.111,281.78,38.51,44.74,41.63
829,1998,14.0,0.132,285.08,41.83,40.03,40.93
830,1998,15.0,0.163,288.25,47.03,36.68,41.85
831,1998,16.0,0.2,290.84,52.56,36.82,44.69
832,1998,17.0,0.242,292.91,58.0,41.96,49.98
833,1998,18.0,0.28,294.25,61.73,53.64,57.68
834,1998,19.0,0.316,295.52,64.52,63.28,63.9
835,1998,20.0,0.34600000000000003,296.81,67.4,63.91,65.66
836,1998,21.0,0.373,297.65,72.59,66.57,69.58
837,1998,22.0,0.391,298.38,76.7,67.51,72.11
838,1998,23.0,0.40299999999999997,299.32,82.01,63.57,72.79
839,1998,24.0,0.41,300.25,86.64,60.52,73.58
840,1998,25.0,0.41200000000000003,300.83,88.95,61.37,75.16
841,1998,26.0,0.40700000000000003,301.4,87.92,60.34,74.13
842,1998,27.0,0.39899999999999997,302.12,84.8,56.19,70.5
843,1998,28.0,0.38799999999999996,302.82,82.28,49.95,66.11
844,1998,29.0,0.375,303.53,80.34,43.65,62.0
845,1998,30.0,0.361,303.96,78.85,39.27,59.06
846,1998,31.0,0.34299999999999997,304.17,76.75,36.71,56.73
847,1998,32.0,0.325,303.69,74.12,38.5,56.31
848,1998,33.0,0.307,302.63,70.33,44.93,57.63
849,1998,34.0,0.292,301.72,66.78,49.5,58.14
850,1998,35.0,0.27699999999999997,301.12,63.82,47.78,55.8
851,1998,36.0,0.257,300.07,59.82,43.5,51.66
852,1998,37.0,0.235,298.56,54.66,39.5,47.08
853,1998,38.0,0.214,296.69,51.37,39.26,45.31
854,1998,39.0,0.19399999999999998,294.35,49.05,43.36,46.2
855,1998,40.0,0.172,291.39,43.93,49.79,46.86
856,1998,41.0,0.151,288.45,38.7,50.53,44.61
857,1998,42.0,0.131,285.29,35.13,50.46,42.79
858,1998,43.0,0.115,282.12,33.66,49.35,41.51
859,1998,44.0,0.098,278.9,30.63,45.66,38.15
860,1998,45.0,0.08199999999999999,275.22,27.53,48.25,37.89
861,1998,46.0,0.068,270.27,24.87,59.16,42.02
862,1998,47.0,0.06,266.13,23.86,66.38,45.12
863,1998,48.0,0.054000000000000006,263.42,23.59,65.64,44.62
864,1998,49.0,0.048,262.19,22.94,60.22,41.58
865,1998,50.0,0.045,261.74,25.01,54.31,39.66
866,1998,51.0,0.045,261.89,29.48,46.47,37.98
867,1998,52.0,0.043,261.75,31.41,41.86,36.63
868,1999,1.0,0.042,261.76,36.11,40.91,38.51
869,1999,2.0,0.043,262.34,39.35,37.2,38.27
870,1999,3.0,0.045,263.24,43.24,34.1,38.67
871,1999,4.0,0.048,263.9,46.12,35.4,40.76
872,1999,5.0,0.051,264.89,46.12,37.35,41.73
873,1999,6.0,0.055999999999999994,267.0,45.2,35.39,40.29
874,1999,7.0,0.063,269.42,43.78,33.73,38.75
875,1999,8.0,0.069,271.76,41.3,33.51,37.41
876,1999,9.0,0.076,274.66,40.51,31.73,36.12
877,1999,10.0,0.087,277.96,41.33,30.06,35.69
878,1999,11.0,0.10400000000000001,281.57,45.14,25.3,35.22
879,1999,12.0,0.127,284.79,50.65,21.83,36.24
880,1999,13.0,0.153,287.15,56.22,23.5,39.86
881,1999,14.0,0.183,289.27,62.06,23.52,42.79
882,1999,15.0,0.221,291.51,68.67,23.01,45.84
883,1999,16.0,0.257,293.43,72.71,24.64,48.67
884,1999,17.0,0.29100000000000004,294.4,75.19,32.82,54.0
885,1999,18.0,0.322,295.03,76.58,46.95,61.77
886,1999,19.0,0.35100000000000003,296.17,78.15,56.57,67.36
887,1999,20.0,0.377,297.44,80.39,57.35,68.87
888,1999,21.0,0.395,298.82,83.1,55.0,69.05
889,1999,22.0,0.40399999999999997,300.24,83.08,49.68,66.38
890,1999,23.0,0.40299999999999997,301.35,81.77,43.63,62.7
891,1999,24.0,0.39399999999999996,302.1,78.34,41.46,59.9
892,1999,25.0,0.381,302.59,72.76,42.99,57.87
893,1999,26.0,0.36200000000000004,303.05,64.59,43.48,54.04
894,1999,27.0,0.345,303.41,57.32,43.07,50.19
895,1999,28.0,0.33,303.65,53.75,41.02,47.38
896,1999,29.0,0.316,303.63,51.38,40.66,46.02
897,1999,30.0,0.305,303.58,51.48,40.41,45.95
898,1999,31.0,0.295,303.18,52.86,43.11,47.98
899,1999,32.0,0.285,302.64,53.89,45.94,49.92
900,1999,33.0,0.276,301.99,54.59,49.61,52.1
901,1999,34.0,0.26899999999999996,301.34,55.36,52.38,53.87
902,1999,35.0,0.256,300.15,53.31,55.89,54.6
903,1999,36.0,0.23800000000000002,299.09,50.22,51.8,51.01
904,1999,37.0,0.21899999999999997,298.17,45.77,42.88,44.32
905,1999,38.0,0.196,297.02,41.3,36.0,38.65
906,1999,39.0,0.17,295.02,34.8,36.71,35.76
907,1999,40.0,0.14400000000000002,292.13,27.65,42.65,35.15
908,1999,41.0,0.12,288.21,22.04,53.01,37.53
909,1999,42.0,0.10300000000000001,284.36,20.45,58.82,39.64
910,1999,43.0,0.08800000000000001,281.16,20.1,56.69,38.39
911,1999,44.0,0.07400000000000001,277.7,18.79,53.24,36.01
912,1999,45.0,0.063,273.53,17.35,57.78,37.56
913,1999,46.0,0.052000000000000005,268.73,15.58,67.34,41.46
914,1999,47.0,0.044000000000000004,264.65,14.83,73.97,44.4
915,1999,48.0,0.039,261.6,14.16,74.18,44.17
916,1999,49.0,0.036000000000000004,260.03,14.57,69.47,42.02
917,1999,50.0,0.033,260.5,15.21,59.83,37.52
918,1999,51.0,0.031,260.68,16.94,51.97,34.46
919,1999,52.0,0.031,260.98,18.39,45.59,31.99
920,2000,1.0,0.031,260.63,22.73,46.53,34.63
921,2000,2.0,0.031,260.13,24.8,47.7,36.25
922,2000,3.0,0.032,259.69,27.73,50.34,39.04
923,2000,4.0,0.034,259.91,29.68,53.18,41.43
924,2000,5.0,0.035,260.11,29.17,57.83,43.5
925,2000,6.0,0.035,260.89,25.96,60.32,43.14
926,2000,7.0,0.037000000000000005,262.99,22.43,59.53,40.98
927,2000,8.0,0.040999999999999995,265.09,21.33,59.52,40.43
928,2000,9.0,0.045,266.71,20.88,61.74,41.31
929,2000,10.0,0.05,268.34,20.89,65.31,43.1
930,2000,11.0,0.059000000000000004,270.87,22.76,65.99,44.38
931,2000,12.0,0.07200000000000001,273.91,26.13,65.14,45.63
932,2000,13.0,0.092,278.53,30.67,58.09,44.38
933,2000,14.0,0.11699999999999999,284.06,36.07,44.93,40.5
934,2000,15.0,0.149,288.43,41.73,37.03,39.38
935,2000,16.0,0.188,291.82,47.95,33.29,40.62
936,2000,17.0,0.22699999999999998,294.04,52.49,36.45,44.47
937,2000,18.0,0.26,294.81,53.81,50.79,52.3
938,2000,19.0,0.282,295.49,50.61,64.87,57.74
939,2000,20.0,0.302,297.01,48.16,63.43,55.8
940,2000,21.0,0.316,298.21,45.64,62.69,54.17
941,2000,22.0,0.325,299.11,42.23,62.13,52.18
942,2000,23.0,0.327,299.5,39.59,62.91,51.25
943,2000,24.0,0.32899999999999996,299.8,42.27,65.29,53.78
944,2000,25.0,0.33299999999999996,300.07,45.78,68.55,57.17
945,2000,26.0,0.332,300.25,47.21,70.44,58.82
946,2000,27.0,0.324,300.43,45.63,70.11,57.87
947,2000,28.0,0.314,300.59,45.06,67.37,56.21
948,2000,29.0,0.302,300.84,43.97,64.26,54.12
949,2000,30.0,0.29,301.25,43.75,59.86,51.8
950,2000,31.0,0.272,300.97,41.47,60.63,51.05
951,2000,32.0,0.251,300.49,36.94,62.4,49.67
952,2000,33.0,0.23600000000000002,300.15,33.73,63.21,48.47
953,2000,34.0,0.221,299.14,30.4,68.7,49.55
954,2000,35.0,0.21100000000000002,297.54,29.88,75.8,52.84
955,2000,36.0,0.204,295.79,31.85,78.04,54.95
956,2000,37.0,0.201,294.55,35.87,73.91,54.89
957,2000,38.0,0.205,293.81,45.65,65.75,55.7
958,2000,39.0,0.20600000000000002,292.24,55.53,63.65,59.59
959,2000,40.0,0.205,290.76,61.23,55.54,58.39
960,2000,41.0,0.198,289.68,62.08,38.24,50.16
961,2000,42.0,0.184,287.59,60.33,30.0,45.16
962,2000,43.0,0.16699999999999998,285.19,58.17,26.83,42.5
963,2000,44.0,0.14300000000000002,282.39,52.03,24.95,38.49
964,2000,45.0,0.11900000000000001,279.62,46.21,24.67,35.44
965,2000,46.0,0.09699999999999999,276.86,40.86,26.5,33.68
966,2000,47.0,0.083,274.54,37.33,27.14,32.23
967,2000,48.0,0.076,273.71,37.33,20.72,29.02
968,2000,49.0,0.073,273.09,38.77,15.39,27.08
969,2000,50.0,0.066,272.12,39.69,12.61,26.15
970,2000,51.0,0.061,271.21,42.22,10.11,26.17
971,2000,52.0,0.062,270.1,48.68,10.3,29.49
972,2001,1.0,0.066,269.44,60.63,10.95,35.79
973,2001,2.0,0.06,268.68,56.27,12.32,34.3
974,2001,3.0,0.068,267.59,65.32,17.61,41.47
975,2001,4.0,0.071,267.11,67.8,23.65,45.72
976,2001,5.0,0.071,266.79,63.62,30.97,47.3
977,2001,6.0,0.07200000000000001,266.69,57.41,38.37,47.89
978,2001,7.0,0.078,267.39,53.65,43.93,48.79
979,2001,8.0,0.09,270.05,54.24,41.99,48.12
980,2001,9.0,0.105,273.73,57.13,36.54,46.83
981,2001,10.0,0.126,277.26,60.89,33.48,47.18
982,2001,11.0,0.147,280.44,64.8,30.33,47.56
983,2001,12.0,0.166,283.09,66.98,29.42,48.2
984,2001,13.0,0.19,285.99,70.6,28.79,49.7
985,2001,14.0,0.217,288.12,74.17,28.59,51.38
986,2001,15.0,0.245,290.25,76.82,29.02,52.92
987,2001,16.0,0.27699999999999997,292.43,79.16,30.23,54.69
988,2001,17.0,0.311,294.03,80.84,36.52,58.68
989,2001,18.0,0.342,295.19,82.33,47.73,65.03
990,2001,19.0,0.365,295.94,82.12,60.65,71.38
991,2001,20.0,0.382,296.97,81.56,63.65,72.61
992,2001,21.0,0.391,297.69,80.17,67.11,73.64
993,2001,22.0,0.39,297.84,75.9,72.98,74.44
994,2001,23.0,0.386,298.48,72.26,71.74,72.0
995,2001,24.0,0.37799999999999995,299.5,69.5,68.07,68.79
996,2001,25.0,0.366,300.45,64.49,65.37,64.93
997,2001,26.0,0.354,301.75,59.56,57.6,58.58
998,2001,27.0,0.34,303.13,54.12,47.93,51.02
999,2001,28.0,0.322,304.46,48.8,36.9,42.85
1000,2001,29.0,0.302,305.41,44.11,28.79,36.45
1001,2001,30.0,0.28600000000000003,306.41,41.83,19.96,30.89
1002,2001,31.0,0.271,306.96,40.83,15.2,28.01
1003,2001,32.0,0.252,306.29,37.02,18.26,27.64
1004,2001,33.0,0.23600000000000002,305.32,33.3,23.47,28.38
1005,2001,34.0,0.223,304.27,30.9,28.5,29.7
1006,2001,35.0,0.20800000000000002,302.53,27.9,35.45,31.68
1007,2001,36.0,0.196,300.7,26.86,37.39,32.13
1008,2001,37.0,0.18600000000000003,298.86,27.11,35.77,31.44
1009,2001,38.0,0.177,296.91,29.7,35.72,32.71
1010,2001,39.0,0.168,294.44,33.98,41.0,37.49
1011,2001,40.0,0.16,291.12,36.77,51.38,44.08
1012,2001,41.0,0.152,288.27,39.16,51.41,45.29
1013,2001,42.0,0.145,286.04,41.76,43.21,42.49
1014,2001,43.0,0.136,283.2,43.82,40.71,42.27
1015,2001,44.0,0.12300000000000001,279.29,42.67,42.74,42.7
1016,2001,45.0,0.106,274.37,39.65,52.25,45.95
1017,2001,46.0,0.087,269.47,35.11,61.99,48.55
1018,2001,47.0,0.075,265.65,32.74,67.45,50.1
1019,2001,48.0,0.063,260.97,28.76,74.65,51.71
1020,2001,49.0,0.055,257.33,27.09,77.93,52.51
1021,2001,50.0,0.052000000000000005,255.3,29.43,78.46,53.94
1022,2001,51.0,0.048,253.94,31.89,77.13,54.51
1023,2001,52.0,0.045,253.31,33.17,75.03,54.1
1024,2002,1.0,0.044000000000000004,253.87,38.25,74.13,56.19
1025,2002,2.0,0.044000000000000004,256.89,41.17,61.28,51.23
1026,2002,3.0,0.049,261.56,48.02,42.12,45.07
1027,2002,4.0,0.052000000000000005,265.21,50.35,30.77,40.56
1028,2002,5.0,0.054000000000000006,268.03,49.02,25.14,37.08
1029,2002,6.0,0.062,270.92,50.52,20.87,35.69
1030,2002,7.0,0.076,274.68,53.45,15.1,34.28
1031,2002,8.0,0.091,278.01,56.17,11.94,34.06
1032,2002,9.0,0.106,280.72,58.55,10.66,34.6
1033,2002,10.0,0.121,283.47,58.85,10.5,34.67
1034,2002,11.0,0.14,286.17,61.78,7.95,34.86
1035,2002,12.0,0.16,288.4,64.9,7.58,36.24
1036,2002,13.0,0.183,290.61,68.31,9.72,39.01
1037,2002,14.0,0.209,292.38,71.66,10.93,41.29
1038,2002,15.0,0.23399999999999999,294.18,73.02,11.43,42.23
1039,2002,16.0,0.261,296.32,74.0,10.68,42.34
1040,2002,17.0,0.29100000000000004,298.2,74.78,9.95,42.37
1041,2002,18.0,0.319,299.59,75.35,12.59,43.97
1042,2002,19.0,0.342,300.73,74.42,17.55,45.98
1043,2002,20.0,0.354,301.5,70.09,22.36,46.23
1044,2002,21.0,0.35700000000000004,301.91,64.66,29.2,46.93
1045,2002,22.0,0.35100000000000003,301.99,55.68,36.3,45.99
1046,2002,23.0,0.34,301.98,47.16,40.8,43.98
1047,2002,24.0,0.325,302.33,40.1,42.61,41.35
1048,2002,25.0,0.312,303.37,34.61,39.34,36.98
1049,2002,26.0,0.298,304.25,29.26,36.35,32.8
1050,2002,27.0,0.28600000000000003,304.94,25.32,33.53,29.43
1051,2002,28.0,0.275,305.42,25.48,29.85,27.66
1052,2002,29.0,0.266,305.36,26.13,29.62,27.87
1053,2002,30.0,0.26,304.73,28.94,33.32,31.13
1054,2002,31.0,0.258,304.15,34.47,36.88,35.68
1055,2002,32.0,0.256,303.64,39.05,38.81,38.93
1056,2002,33.0,0.251,302.81,41.09,43.34,42.21
1057,2002,34.0,0.245,301.75,42.2,48.98,45.59
1058,2002,35.0,0.23600000000000002,300.1,42.17,56.07,49.12
1059,2002,36.0,0.228,298.12,44.07,60.01,52.04
1060,2002,37.0,0.21899999999999997,295.68,45.26,65.65,55.46
1061,2002,38.0,0.213,292.99,49.99,75.43,62.71
1062,2002,39.0,0.213,290.81,59.92,79.35,69.64
1063,2002,40.0,0.21600000000000003,289.56,68.82,68.73,68.77
1064,2002,41.0,0.217,287.63,73.44,59.23,66.33
1065,2002,42.0,0.212,285.0,75.62,53.96,64.79
1066,2002,43.0,0.2,281.9,75.59,51.57,63.58
1067,2002,44.0,0.18899999999999997,278.72,74.74,47.25,60.99
1068,2002,45.0,0.177,275.94,75.58,44.81,60.2
1069,2002,46.0,0.16899999999999998,272.84,79.18,46.96,63.07
1070,2002,47.0,0.168,270.35,84.97,47.33,66.15
1071,2002,48.0,0.16699999999999998,268.77,90.49,42.81,66.65
1072,2002,49.0,0.159,267.19,93.31,39.87,66.59
1073,2002,50.0,0.145,265.07,95.02,41.16,68.09
1074,2002,51.0,0.126,262.45,94.09,44.99,69.54
1075,2002,52.0,0.10800000000000001,261.85,91.02,42.35,66.68
1076,2003,1.0,0.08900000000000001,261.9,82.78,41.35,62.06
1077,2003,2.0,0.07,260.33,69.48,46.96,58.22
1078,2003,3.0,0.057,258.64,56.42,54.85,55.64
1079,2003,4.0,0.047,257.42,44.2,63.54,53.87
1080,2003,5.0,0.038,257.09,32.3,69.69,51.0
1081,2003,6.0,0.032,257.46,22.81,73.27,48.04
1082,2003,7.0,0.027000000000000003,258.25,14.74,76.81,45.78
1083,2003,8.0,0.027000000000000003,260.14,12.05,77.31,44.68
1084,2003,9.0,0.03,263.0,11.81,75.55,43.68
1085,2003,10.0,0.034,265.9,12.44,75.12,43.78
1086,2003,11.0,0.044000000000000004,268.97,15.7,74.14,44.92
1087,2003,12.0,0.057,272.45,19.55,71.66,45.6
1088,2003,13.0,0.07400000000000001,277.67,23.63,62.17,42.9
1089,2003,14.0,0.094,283.19,27.21,48.76,37.98
1090,2003,15.0,0.11800000000000001,287.82,30.41,39.61,35.01
1091,2003,16.0,0.14300000000000002,291.84,32.3,32.91,32.6
1092,2003,17.0,0.17,295.65,32.34,26.15,29.24
1093,2003,18.0,0.196,298.89,30.86,19.04,24.95
1094,2003,19.0,0.221,301.68,26.82,12.1,19.46
1095,2003,20.0,0.243,303.44,23.46,9.65,16.56
1096,2003,21.0,0.259,304.34,20.41,11.43,15.92
1097,2003,22.0,0.271,304.72,17.55,14.91,16.23
1098,2003,23.0,0.278,304.21,17.56,21.84,19.7
1099,2003,24.0,0.284,303.12,20.62,35.28,27.95
1100,2003,25.0,0.292,301.92,25.41,52.27,38.84
1101,2003,26.0,0.303,300.7,32.42,66.94,49.68
1102,2003,27.0,0.317,299.65,42.12,76.49,59.3
1103,2003,28.0,0.335,298.87,56.04,80.57,68.31
1104,2003,29.0,0.353,298.3,68.91,83.28,76.1
1105,2003,30.0,0.369,298.21,78.97,83.09,81.03
1106,2003,31.0,0.382,298.25,86.65,81.62,84.13
1107,2003,32.0,0.38299999999999995,298.15,89.87,80.71,85.29
1108,2003,33.0,0.376,298.4,90.76,77.82,84.29
1109,2003,34.0,0.359,298.18,89.32,77.49,83.4
1110,2003,35.0,0.33799999999999997,297.63,87.02,76.27,81.65
1111,2003,36.0,0.315,297.0,84.59,69.26,76.92
1112,2003,37.0,0.29,296.32,80.91,59.45,70.18
1113,2003,38.0,0.263,295.31,77.04,52.34,64.69
1114,2003,39.0,0.23800000000000002,293.03,73.6,56.29,64.94
1115,2003,40.0,0.212,290.79,66.81,55.73,61.27
1116,2003,41.0,0.19,289.02,60.13,45.16,52.65
1117,2003,42.0,0.166,285.51,53.35,48.77,51.06
1118,2003,43.0,0.14400000000000002,282.35,48.55,47.69,48.12
1119,2003,44.0,0.125,279.41,44.25,42.42,43.34
1120,2003,45.0,0.10300000000000001,276.66,38.78,40.07,39.43
1121,2003,46.0,0.086,273.45,35.01,42.28,38.65
1122,2003,47.0,0.07400000000000001,269.56,32.16,48.25,40.21
1123,2003,48.0,0.065,265.73,30.62,52.32,41.47
1124,2003,49.0,0.061,261.85,31.61,57.35,44.48
1125,2003,50.0,0.057,257.47,33.54,64.86,49.2
1126,2003,51.0,0.052000000000000005,251.75,35.16,73.79,54.47
1127,2003,52.0,0.047,243.21,35.04,84.22,59.63
1128,2004,1.0,0.044000000000000004,236.01,38.08,88.1,63.09
1129,2004,5.0,0.047,238.42,41.49,94.02,67.76
1130,2004,6.0,0.049,243.42,38.32,95.8,67.06
1131,2004,7.0,0.052000000000000005,248.73,34.29,93.45,63.87
1132,2004,8.0,0.055999999999999994,253.74,32.12,87.62,59.87
1133,2004,9.0,0.061,258.03,31.51,82.51,57.01
1134,2004,10.0,0.07,261.81,31.78,82.11,56.95
1135,2004,25.0,0.41100000000000003,299.8,83.14,70.42,76.78
1136,2004,26.0,0.40700000000000003,299.53,82.57,75.63,79.1
1137,2004,27.0,0.41100000000000003,300.04,86.32,73.47,79.89
1138,2004,28.0,0.41,300.23,88.31,70.78,79.54
1139,2004,30.0,0.392,299.89,89.34,71.31,80.32
1140,2004,31.0,0.38,299.03,89.83,76.44,83.14
1141,2004,32.0,0.36700000000000005,298.22,89.93,80.82,85.37
1142,2004,33.0,0.355,297.53,89.2,84.65,86.93
1143,2004,34.0,0.348,297.22,89.52,85.09,87.3
1144,2004,35.0,0.33899999999999997,296.94,89.8,82.12,85.96
1145,2004,36.0,0.319,296.52,87.6,73.53,80.56
1146,2004,37.0,0.301,295.88,85.82,63.49,74.65
1147,2004,38.0,0.278,294.41,83.93,61.26,72.59
1148,2004,39.0,0.255,292.32,82.51,63.88,73.2
1149,2004,40.0,0.233,290.0,77.52,63.92,70.72
1150,2004,41.0,0.212,287.79,71.27,57.42,64.34
1151,2004,42.0,0.192,285.33,66.11,50.76,58.43
1152,2004,43.0,0.174,282.87,62.8,44.31,53.55
1153,2004,44.0,0.155,280.59,58.65,35.85,47.25
1154,2004,45.0,0.138,277.81,55.66,34.68,45.17
1155,2004,46.0,0.121,274.7,53.55,37.71,45.63
1156,2004,47.0,0.11,272.35,52.29,37.96,45.12
1157,2004,48.0,0.1,269.88,51.34,37.89,44.61
1158,2004,49.0,0.094,268.64,52.15,33.82,42.99
1159,2004,50.0,0.08900000000000001,267.69,55.68,30.23,42.96
1160,2004,51.0,0.08800000000000001,267.23,63.02,25.23,44.13
1161,2004,52.0,0.086,266.8,69.0,22.48,45.74
1162,2005,1.0,0.084,265.66,77.03,25.85,51.44
1163,2005,2.0,0.081,264.55,77.74,29.02,53.38
1164,2005,3.0,0.07200000000000001,261.41,71.86,42.55,57.2
1165,2005,4.0,0.066,258.79,65.52,56.39,60.95
1166,2005,5.0,0.066,257.09,61.05,68.44,64.74
1167,2005,6.0,0.066,259.68,53.97,64.8,59.38
1168,2005,7.0,0.07,262.82,48.32,60.97,54.65
1169,2005,8.0,0.077,266.56,46.81,54.76,50.79
1170,2005,9.0,0.086,269.56,46.3,51.98,49.14
1171,2005,10.0,0.10099999999999999,273.33,47.95,48.07,48.01
1172,2005,11.0,0.115,277.19,49.89,42.87,46.38
1173,2005,12.0,0.13,280.92,51.32,38.09,44.7
1174,2005,13.0,0.147,284.39,53.32,35.16,44.24
1175,2005,14.0,0.166,287.84,55.05,29.73,42.39
1176,2005,15.0,0.191,291.3,57.39,24.39,40.89
1177,2005,16.0,0.222,293.61,60.25,24.34,42.29
1178,2005,17.0,0.257,295.83,63.08,25.1,44.09
1179,2005,18.0,0.294,297.83,66.4,26.94,46.67
1180,2005,19.0,0.327,299.45,68.28,29.61,48.94
1181,2005,20.0,0.355,300.87,70.38,28.65,49.51
1182,2005,21.0,0.376,301.88,73.24,30.08,51.66
1183,2005,22.0,0.385,302.09,72.31,35.87,54.09
1184,2005,24.0,0.389,301.61,74.08,49.23,61.65
1185,2005,25.0,0.386,301.06,74.1,60.16,67.13
1186,2005,26.0,0.382,300.81,73.45,66.0,69.73
1187,2005,27.0,0.375,300.95,72.07,66.27,69.17
1188,2005,28.0,0.371,301.27,73.17,62.46,67.82
1189,2005,29.0,0.36200000000000004,301.75,73.41,57.6,65.5
1190,2005,30.0,0.34700000000000003,302.24,71.68,52.54,62.11
1191,2005,31.0,0.332,302.77,70.8,47.27,59.03
1192,2005,32.0,0.314,303.23,68.02,41.86,54.94
1193,2005,33.0,0.294,303.51,63.08,37.69,50.38
1194,2005,34.0,0.27,303.4,55.61,35.51,45.56
1195,2005,35.0,0.244,302.71,46.85,34.07,40.46
1196,2005,36.0,0.221,301.6,40.4,29.75,35.07
1197,2005,37.0,0.201,300.13,35.63,24.46,30.05
1198,2005,38.0,0.185,298.72,34.6,18.89,26.75
1199,2005,39.0,0.16899999999999998,296.89,34.61,17.65,26.13
1200,2005,40.0,0.156,294.09,34.43,22.4,28.42
1201,2005,41.0,0.142,290.93,33.52,25.83,29.67
1202,2005,42.0,0.125,287.29,31.34,32.11,31.72
1203,2005,43.0,0.10800000000000001,284.11,30.12,34.11,32.11
1204,2005,44.0,0.094,280.17,28.38,37.47,32.93
1205,2005,45.0,0.08,276.59,26.4,40.29,33.34
1206,2005,46.0,0.071,274.36,25.9,38.32,32.11
1207,2005,47.0,0.063,271.77,25.3,39.6,32.45
1208,2005,48.0,0.055999999999999994,268.98,24.83,41.03,32.93
1209,2005,49.0,0.053,266.25,25.63,43.26,34.45
1210,2005,50.0,0.05,264.89,28.1,41.49,34.8
1211,2005,51.0,0.05,264.17,32.96,37.33,35.15
1212,2005,52.0,0.048,263.15,35.96,36.4,36.18
1213,2006,1.0,0.045,261.01,39.88,44.08,41.98
1214,2006,2.0,0.044000000000000004,258.96,40.85,51.52,46.18
1215,2006,3.0,0.040999999999999995,257.07,39.23,60.2,49.71
1216,2006,4.0,0.039,255.82,35.74,69.1,52.42
1217,2006,5.0,0.037000000000000005,254.85,31.97,78.65,55.31
1218,2006,6.0,0.036000000000000004,255.39,27.1,81.85,54.47
1219,2006,7.0,0.037000000000000005,256.96,22.69,81.72,52.2
1220,2006,8.0,0.039,258.87,20.83,80.53,50.68
1221,2006,9.0,0.045,261.66,21.14,78.4,49.77
1222,2006,10.0,0.054000000000000006,265.63,23.16,74.54,48.85
1223,2006,11.0,0.069,271.55,28.08,64.15,46.12
1224,2006,12.0,0.09,277.77,34.06,50.77,42.42
1225,2006,13.0,0.111,283.17,38.74,40.13,39.44
1226,2006,14.0,0.134,287.36,42.69,31.82,37.25
1227,2006,15.0,0.158,290.06,45.32,29.76,37.54
1228,2006,16.0,0.183,292.34,46.4,30.45,38.42
1229,2006,17.0,0.20800000000000002,293.83,45.73,37.61,41.67
1230,2006,18.0,0.239,295.33,46.41,46.58,46.5
1231,2006,19.0,0.275,297.01,48.06,51.19,49.63
1232,2006,20.0,0.31,298.38,51.41,50.63,51.02
1233,2006,21.0,0.33799999999999997,299.44,56.07,51.32,53.69
1234,2006,22.0,0.361,299.98,60.59,54.05,57.32
1235,2006,23.0,0.38,300.22,68.46,56.36,62.41
1236,2006,24.0,0.39299999999999996,300.61,76.67,58.08,67.38
1237,2006,25.0,0.4,301.01,81.97,60.42,71.2
1238,2006,26.0,0.405,301.55,86.24,59.55,72.89
1239,2006,27.0,0.408,302.25,89.23,55.54,72.38
1240,2006,28.0,0.405,302.71,90.05,51.13,70.59
1241,2006,29.0,0.39299999999999996,303.3,88.23,45.65,66.94
1242,2006,30.0,0.375,303.73,85.05,41.28,63.17
1243,2006,31.0,0.35700000000000004,304.08,83.24,37.6,60.42
1244,2006,32.0,0.336,304.29,79.33,34.1,56.71
1245,2006,33.0,0.312,303.82,72.69,35.76,54.23
1246,2006,34.0,0.28800000000000003,302.71,64.82,41.61,53.22
1247,2006,35.0,0.272,301.18,61.26,47.42,54.34
1248,2006,36.0,0.256,299.92,59.52,44.76,52.14
1249,2006,37.0,0.24,298.8,57.23,37.28,47.25
1250,2006,38.0,0.22699999999999998,297.6,58.44,30.33,44.39
1251,2006,39.0,0.21600000000000003,296.21,61.72,24.76,43.24
1252,2006,40.0,0.203,294.44,61.68,19.74,40.71
1253,2006,41.0,0.18899999999999997,292.37,59.13,13.3,36.22
1254,2006,42.0,0.17600000000000002,290.17,57.92,7.76,32.84
1255,2006,43.0,0.165,287.94,58.31,6.43,32.37
1256,2006,44.0,0.153,285.53,57.59,5.82,31.71
1257,2006,45.0,0.13699999999999998,282.94,55.2,6.76,30.98
1258,2006,46.0,0.124,280.96,54.38,6.53,30.45
1259,2006,47.0,0.113,279.19,53.93,5.66,29.8
1260,2006,48.0,0.106,277.64,54.36,3.79,29.08
1261,2006,49.0,0.098,276.14,54.82,2.99,28.91
1262,2006,50.0,0.094,274.46,58.57,2.91,30.74
1263,2006,51.0,0.09,272.74,64.93,3.39,34.16
1264,2006,52.0,0.08900000000000001,271.52,73.1,4.14,38.62
1265,2007,1.0,0.08800000000000001,270.7,84.49,5.29,44.89
1266,2007,2.0,0.083,269.68,83.05,7.8,45.43
1267,2007,3.0,0.081,269.45,82.04,9.84,45.94
1268,2007,4.0,0.084,269.86,82.83,12.3,47.56
1269,2007,5.0,0.091,271.07,84.17,13.37,48.77
1270,2007,6.0,0.1,272.83,83.34,13.51,48.42
1271,2007,7.0,0.11,274.88,79.59,14.48,47.04
1272,2007,8.0,0.122,277.49,77.46,14.18,45.82
1273,2007,9.0,0.135,280.37,76.42,12.23,44.33
1274,2007,10.0,0.145,283.36,72.06,11.21,41.64
1275,2007,11.0,0.156,285.87,69.73,9.7,39.72
1276,2007,12.0,0.168,287.9,68.38,10.38,39.38
1277,2007,13.0,0.184,290.08,68.68,12.64,40.66
1278,2007,14.0,0.198,291.93,67.58,13.49,40.53
1279,2007,15.0,0.20800000000000002,293.17,63.8,16.57,40.18
1280,2007,16.0,0.22899999999999998,294.95,62.54,18.05,40.3
1281,2007,17.0,0.256,297.42,62.51,15.57,39.04
1282,2007,18.0,0.284,299.89,62.47,11.4,36.93
1283,2007,19.0,0.306,302.17,59.98,6.28,33.13
1284,2007,20.0,0.317,303.74,54.26,3.67,28.96
1285,2007,21.0,0.325,305.15,49.34,1.78,25.56
1286,2007,22.0,0.32299999999999995,306.15,41.56,1.27,21.41
1287,2007,23.0,0.314,306.53,33.31,2.15,17.73
1288,2007,24.0,0.308,306.85,30.79,3.37,17.08
1289,2007,25.0,0.302,307.4,29.5,4.67,17.08
1290,2007,26.0,0.293,308.04,26.78,5.05,15.92
1291,2007,27.0,0.28300000000000003,308.65,24.17,4.34,14.26
1292,2007,28.0,0.27,308.87,23.03,3.74,13.39
1293,2007,29.0,0.261,308.88,23.44,3.22,13.33
1294,2007,30.0,0.249,308.81,23.47,2.66,13.06
1295,2007,31.0,0.23600000000000002,308.75,23.51,2.75,13.13
1296,2007,32.0,0.223,308.57,22.92,2.09,12.51
1297,2007,33.0,0.212,308.29,21.31,1.8,11.55
1298,2007,34.0,0.201,307.86,20.12,1.65,10.88
1299,2007,35.0,0.19399999999999998,306.87,20.45,1.68,11.06
1300,2007,36.0,0.187,305.11,22.32,1.77,12.05
1301,2007,37.0,0.182,302.75,25.26,2.42,13.84
1302,2007,38.0,0.183,300.53,33.54,2.56,18.05
1303,2007,39.0,0.18600000000000003,298.53,44.22,2.17,23.2
1304,2007,40.0,0.18600000000000003,296.31,51.61,1.91,26.76
1305,2007,41.0,0.182,293.48,55.28,3.16,29.22
1306,2007,42.0,0.17600000000000002,290.34,57.68,6.59,32.14
1307,2007,43.0,0.174,286.53,62.47,17.28,39.87
1308,2007,44.0,0.16699999999999998,282.61,63.65,23.81,43.73
1309,2007,45.0,0.158,279.41,65.4,26.03,45.71
1310,2007,46.0,0.14800000000000002,276.89,66.65,26.84,46.74
1311,2007,47.0,0.134,274.74,65.44,26.62,46.03
1312,2007,48.0,0.114,272.12,59.19,27.89,43.54
1313,2007,49.0,0.091,268.98,50.23,32.38,41.3
1314,2007,50.0,0.073,266.37,44.17,35.96,40.07
1315,2007,51.0,0.066,265.57,46.36,32.32,39.34
1316,2007,52.0,0.064,265.6,50.02,27.26,38.64
1317,2008,1.0,0.061,266.32,56.82,22.44,39.63
1318,2008,2.0,0.063,267.25,61.57,16.85,39.21
1319,2008,3.0,0.068,268.97,67.2,10.66,38.93
1320,2008,4.0,0.07200000000000001,270.74,69.94,7.8,38.87
1321,2008,5.0,0.075,272.1,68.31,8.62,38.47
1322,2008,6.0,0.08199999999999999,274.0,66.83,8.76,37.8
1323,2008,7.0,0.08900000000000001,275.97,62.57,10.25,36.41
1324,2008,8.0,0.096,278.33,59.17,10.92,35.04
1325,2008,9.0,0.106,280.98,58.2,9.8,34.0
1326,2008,10.0,0.11699999999999999,282.91,56.52,12.88,34.7
1327,2008,11.0,0.133,285.05,58.34,12.92,35.63
1328,2008,12.0,0.151,286.92,60.51,14.38,37.45
1329,2008,13.0,0.17800000000000002,288.75,66.17,18.06,42.11
1330,2008,14.0,0.218,290.93,74.76,17.58,46.17
1331,2008,15.0,0.256,292.71,80.81,18.69,49.75
1332,2008,16.0,0.294,294.36,85.13,21.15,53.14
1333,2008,17.0,0.32799999999999996,295.9,87.14,25.3,56.22
1334,2008,18.0,0.355,296.85,87.63,35.16,61.4
1335,2008,19.0,0.379,297.97,88.18,43.18,65.68
1336,2008,20.0,0.39299999999999996,298.38,85.89,51.57,68.73
1337,2008,21.0,0.40700000000000003,299.48,87.21,51.87,69.54
1338,2008,22.0,0.41700000000000004,300.89,88.47,46.75,67.61
1339,2008,23.0,0.41700000000000004,301.82,87.85,42.53,65.19
1340,2008,24.0,0.41200000000000003,302.5,86.91,41.24,64.07
1341,2008,25.0,0.40299999999999997,302.85,83.69,44.26,63.98
1342,2008,26.0,0.39399999999999996,303.51,80.58,42.94,61.76
1343,2008,27.0,0.382,304.13,76.28,40.41,58.35
1344,2008,28.0,0.366,304.3,71.11,38.88,55.0
1345,2008,29.0,0.355,304.78,70.64,34.5,52.57
1346,2008,30.0,0.345,305.51,70.81,27.69,49.25
1347,2008,31.0,0.325,305.24,67.84,28.95,48.39
1348,2008,32.0,0.306,305.06,64.66,28.41,46.54
1349,2008,33.0,0.28600000000000003,305.17,59.64,25.4,42.52
1350,2008,34.0,0.262,304.33,51.58,28.8,40.19
1351,2008,35.0,0.24100000000000002,303.02,45.73,32.33,39.03
1352,2008,36.0,0.223,301.12,41.71,34.58,38.14
1353,2008,37.0,0.207,298.64,38.81,38.51,38.66
1354,2008,38.0,0.19399999999999998,296.11,39.67,44.55,42.11
1355,2008,39.0,0.18600000000000003,294.16,44.34,45.33,44.84
1356,2008,40.0,0.18100000000000002,292.5,49.17,39.08,44.12
1357,2008,41.0,0.18100000000000002,290.84,54.54,27.94,41.24
1358,2008,42.0,0.18100000000000002,289.53,60.21,13.3,36.75
1359,2008,43.0,0.184,288.21,67.64,4.52,36.08
1360,2008,44.0,0.18,285.87,70.79,3.82,37.31
1361,2008,45.0,0.175,283.59,74.84,3.24,39.04
1362,2008,46.0,0.16899999999999998,281.63,79.14,3.13,41.13
1363,2008,47.0,0.159,279.5,80.46,4.05,42.26
1364,2008,48.0,0.146,276.56,79.3,8.23,43.77
1365,2008,49.0,0.13,273.42,75.81,13.85,44.83
1366,2008,50.0,0.11,269.98,71.31,20.69,46.0
1367,2008,51.0,0.091,265.97,67.12,30.31,48.72
1368,2008,52.0,0.071,261.24,57.67,44.64,51.16
1369,2009,1.0,0.059000000000000004,257.67,55.06,58.98,57.02
1370,2009,2.0,0.049,255.7,45.68,66.33,56.0
1371,2009,3.0,0.040999999999999995,255.62,37.87,66.91,52.39
1372,2009,4.0,0.045,257.19,41.55,64.0,52.78
1373,2009,5.0,0.051,259.74,44.6,59.4,52.0
1374,2009,6.0,0.057,263.0,45.22,52.53,48.88
1375,2009,7.0,0.068,266.96,47.0,44.97,45.99
1376,2009,8.0,0.084,271.15,51.4,37.56,44.48
1377,2009,9.0,0.10300000000000001,274.57,56.63,33.45,45.04
1378,2009,10.0,0.124,278.16,60.58,30.39,45.49
1379,2009,11.0,0.141,281.4,62.21,26.93,44.57
1380,2009,12.0,0.166,285.05,67.21,21.84,44.53
1381,2009,13.0,0.198,288.78,74.11,17.78,45.95
1382,2009,14.0,0.22699999999999998,291.83,78.47,13.81,46.14
1383,2009,15.0,0.25,293.92,78.86,13.11,45.99
1384,2009,16.0,0.268,295.22,76.56,16.47,46.51
1385,2009,17.0,0.29100000000000004,296.52,74.59,20.93,47.76
1386,2009,18.0,0.31,297.6,71.95,28.94,50.45
1387,2009,19.0,0.32899999999999996,298.55,69.11,37.75,53.43
1388,2009,20.0,0.34700000000000003,299.63,66.79,39.68,53.23
1389,2009,21.0,0.36,300.61,65.85,41.25,53.55
1390,2009,22.0,0.36700000000000005,301.58,63.5,40.34,51.92
1391,2009,23.0,0.36700000000000005,302.79,61.5,33.9,47.7
1392,2009,24.0,0.35600000000000004,303.38,57.03,33.4,45.22
1393,2009,25.0,0.34600000000000003,304.02,53.42,33.7,43.56
1394,2009,26.0,0.33799999999999997,304.98,50.82,30.16,40.49
1395,2009,27.0,0.325,305.44,46.33,29.4,37.87
1396,2009,28.0,0.309,305.44,42.47,29.68,36.07
1397,2009,29.0,0.295,305.14,40.84,31.35,36.1
1398,2009,30.0,0.281,304.73,39.69,33.44,36.57
1399,2009,31.0,0.27,304.62,40.44,33.43,36.94
1400,2009,32.0,0.258,304.5,40.4,32.44,36.42
1401,2009,33.0,0.245,304.29,38.35,32.01,35.18
1402,2009,34.0,0.231,303.78,35.56,33.04,34.3
1403,2009,35.0,0.218,302.85,33.3,33.57,33.44
1404,2009,36.0,0.20800000000000002,301.61,33.54,30.47,32.01
1405,2009,37.0,0.19899999999999998,300.24,34.45,24.4,29.43
1406,2009,38.0,0.187,298.41,35.98,22.55,29.27
1407,2009,39.0,0.177,296.5,39.96,21.92,30.94
1408,2009,40.0,0.16899999999999998,294.25,43.22,21.73,32.47
1409,2009,41.0,0.161,291.93,44.94,17.6,31.27
1410,2009,42.0,0.154,289.19,47.0,16.44,31.72
1411,2009,43.0,0.142,285.92,47.78,21.32,34.55
1412,2009,44.0,0.13,282.7,46.75,22.54,34.64
1413,2009,45.0,0.122,280.44,48.02,19.69,33.85
1414,2009,46.0,0.114,277.89,49.7,20.88,35.29
1415,2009,47.0,0.10400000000000001,274.46,49.08,26.71,37.9
1416,2009,48.0,0.095,271.13,48.82,31.2,40.01
1417,2009,49.0,0.09,267.83,50.06,36.19,43.12
1418,2009,50.0,0.085,264.58,53.81,42.09,47.95
1419,2009,51.0,0.075,260.75,54.55,50.34,52.45
1420,2009,52.0,0.065,257.66,52.95,57.1,55.02
1421,2010,1.0,0.05,255.59,46.58,64.41,55.49
1422,2010,2.0,0.047,255.24,45.56,65.24,55.4
1423,2010,3.0,0.044000000000000004,254.28,42.99,69.2,56.09
1424,2010,4.0,0.043,254.67,40.42,70.77,55.59
1425,2010,5.0,0.043,256.09,38.27,70.94,54.61
1426,2010,6.0,0.05,259.57,40.11,64.12,52.12
1427,2010,7.0,0.057999999999999996,263.11,39.63,58.6,49.11
1428,2010,8.0,0.068,267.25,40.87,51.78,46.33
1429,2010,9.0,0.086,272.7,46.92,40.47,43.7
1430,2010,10.0,0.106,277.11,51.79,34.36,43.07
1431,2010,11.0,0.125,280.43,55.48,30.73,43.11
1432,2010,12.0,0.14,283.96,56.48,26.24,41.36
1433,2010,13.0,0.155,287.23,57.33,24.03,40.68
1434,2010,14.0,0.177,290.61,59.89,18.7,39.29
1435,2010,15.0,0.205,293.65,63.05,14.32,38.69
1436,2010,16.0,0.24,295.77,66.81,13.92,40.37
1437,2010,17.0,0.27,297.66,67.46,14.24,40.85
1438,2010,18.0,0.294,298.98,66.25,18.57,42.41
1439,2010,19.0,0.312,299.48,62.64,29.55,46.1
1440,2010,20.0,0.32799999999999996,299.43,59.09,41.75,50.42
1441,2010,21.0,0.348,300.04,60.23,46.49,53.36
1442,2010,22.0,0.36700000000000005,301.28,63.75,43.16,53.45
1443,2010,23.0,0.379,302.23,68.47,38.86,53.67
1444,2010,24.0,0.385,302.76,72.54,38.76,55.65
1445,2010,25.0,0.385,303.18,73.84,41.0,57.42
1446,2010,26.0,0.382,303.15,73.94,45.77,59.85
1447,2010,27.0,0.382,303.08,75.41,48.86,62.13
1448,2010,28.0,0.38,303.33,77.5,46.41,61.95
1449,2010,29.0,0.374,304.07,79.04,39.83,59.44
1450,2010,30.0,0.36,304.92,77.65,32.15,54.9
1451,2010,31.0,0.33799999999999997,305.53,73.58,26.77,50.18
1452,2010,32.0,0.31,305.64,66.22,24.1,45.16
1453,2010,33.0,0.28600000000000003,305.06,59.03,26.41,42.72
1454,2010,34.0,0.268,304.33,54.4,29.02,41.71
1455,2010,35.0,0.253,303.16,51.3,31.37,41.34
1456,2010,36.0,0.23600000000000002,301.59,48.31,30.97,39.64
1457,2010,37.0,0.21899999999999997,300.17,45.72,25.36,35.54
1458,2010,38.0,0.19899999999999998,298.28,42.8,24.23,33.52
1459,2010,39.0,0.179,295.67,40.27,30.66,35.46
1460,2010,40.0,0.162,291.29,38.0,51.78,44.89
1461,2010,41.0,0.14800000000000002,288.31,36.97,52.9,44.94
1462,2010,42.0,0.134,286.96,36.51,36.62,36.56
1463,2010,43.0,0.121,284.81,36.76,30.03,33.39
1464,2010,44.0,0.109,283.18,36.19,20.24,28.21
1465,2010,45.0,0.10099999999999999,281.77,37.0,13.78,25.39
1466,2010,46.0,0.091,278.78,36.76,17.96,27.36
1467,2010,47.0,0.081,275.3,35.55,24.46,30.01
1468,2010,48.0,0.073,271.38,34.87,31.52,33.19
1469,2010,49.0,0.069,268.47,35.75,34.51,35.13
1470,2010,50.0,0.066,267.28,38.78,32.11,35.45
1471,2010,51.0,0.06,266.29,40.36,29.75,35.06
1472,2010,52.0,0.055999999999999994,265.51,41.45,28.48,34.96
1473,2011,1.0,0.053,264.1,43.48,32.98,38.23
1474,2011,2.0,0.051,264.08,42.98,31.45,37.22
1475,2011,3.0,0.051,264.78,43.51,29.42,36.46
1476,2011,4.0,0.051,264.57,43.27,34.65,38.96
1477,2011,5.0,0.055,265.41,44.92,37.4,41.16
1478,2011,6.0,0.06,266.93,44.62,37.77,41.19
1479,2011,7.0,0.063,268.52,40.88,39.41,40.14
1480,2011,8.0,0.066,270.37,37.46,40.56,39.01
1481,2011,9.0,0.073,272.97,37.04,39.16,38.1
1482,2011,10.0,0.084,276.3,38.41,36.96,37.68
1483,2011,11.0,0.095,279.87,40.05,32.74,36.4
1484,2011,12.0,0.10800000000000001,283.31,41.72,28.71,35.21
1485,2011,13.0,0.12300000000000001,286.02,43.39,28.73,36.06
1486,2011,14.0,0.14400000000000002,289.07,46.38,24.95,35.66
1487,2011,15.0,0.16899999999999998,292.08,49.24,21.18,35.21
1488,2011,16.0,0.19899999999999998,294.69,51.97,19.28,35.63
1489,2011,17.0,0.228,296.49,52.55,21.41,36.98
1490,2011,18.0,0.259,298.03,53.52,25.73,39.63
1491,2011,19.0,0.29100000000000004,299.26,54.14,31.5,42.82
1492,2011,20.0,0.322,300.02,56.23,36.18,46.21
1493,2011,21.0,0.35,300.48,60.94,42.47,51.7
1494,2011,22.0,0.368,301.08,63.5,44.7,54.1
1495,2011,23.0,0.377,301.62,66.44,44.24,55.34
1496,2011,24.0,0.379,301.32,68.1,51.87,59.99
1497,2011,25.0,0.37799999999999995,300.8,69.27,62.44,65.85
1498,2011,26.0,0.37799999999999995,300.72,71.26,66.87,69.06
1499,2011,27.0,0.379,301.05,73.96,65.53,69.75
1500,2011,28.0,0.377,301.71,76.26,59.07,67.67
1501,2011,29.0,0.36700000000000005,302.41,76.18,52.64,64.41
1502,2011,30.0,0.354,302.95,75.11,47.28,61.2
1503,2011,31.0,0.33899999999999997,303.58,74.69,41.35,58.02
1504,2011,32.0,0.321,303.69,71.96,38.61,55.28
1505,2011,33.0,0.3,303.55,66.67,37.78,52.23
1506,2011,34.0,0.281,303.39,61.41,36.08,48.75
1507,2011,35.0,0.259,302.51,54.84,36.39,45.62
1508,2011,36.0,0.23600000000000002,301.5,48.63,31.43,40.03
1509,2011,37.0,0.214,300.31,43.14,23.85,33.49
1510,2011,38.0,0.195,298.54,40.46,21.37,30.91
1511,2011,39.0,0.175,296.21,38.28,24.85,31.57
1512,2011,40.0,0.155,293.3,34.14,31.33,32.73
1513,2011,41.0,0.139,290.41,32.3,32.44,32.37
1514,2011,42.0,0.12300000000000001,287.21,30.6,34.35,32.48
1515,2011,43.0,0.111,284.28,31.49,34.15,32.82
1516,2011,44.0,0.102,281.66,32.74,29.49,31.11
1517,2011,45.0,0.095,279.39,34.17,26.1,30.14
1518,2011,46.0,0.087,276.83,35.14,26.99,31.06
1519,2011,47.0,0.079,273.64,34.7,31.59,33.15
1520,2011,48.0,0.07,270.39,33.27,35.43,34.35
1521,2011,49.0,0.063,266.2,32.24,43.56,37.9
1522,2011,50.0,0.057,262.72,32.97,49.91,41.44
1523,2011,51.0,0.052000000000000005,259.31,34.82,56.33,45.58
1524,2011,52.0,0.048,256.68,36.01,61.03,48.52
1525,2012,1.0,0.045,254.38,39.27,66.48,52.87
1526,2012,2.0,0.043,252.95,39.39,70.18,54.79
1527,2012,3.0,0.040999999999999995,252.05,38.12,74.5,56.31
1528,2012,4.0,0.04,253.27,36.52,75.13,55.83
1529,2012,5.0,0.039,255.26,33.91,75.33,54.62
1530,2012,6.0,0.039,258.2,29.73,71.37,50.55
1531,2012,7.0,0.04,260.98,25.25,68.04,46.64
1532,2012,8.0,0.043,264.27,23.34,62.92,43.13
1533,2012,9.0,0.048,268.34,23.41,56.04,39.72
1534,2012,10.0,0.057999999999999996,272.4,25.43,51.36,38.4
1535,2012,11.0,0.07400000000000001,277.28,30.11,42.6,36.35
1536,2012,12.0,0.091,282.46,34.73,32.13,33.43
1537,2012,13.0,0.111,286.78,38.78,25.8,32.29
1538,2012,14.0,0.134,290.88,42.86,17.69,30.28
1539,2012,15.0,0.16,294.42,46.26,11.28,28.77
1540,2012,16.0,0.193,297.54,50.03,6.78,28.4
1541,2012,17.0,0.22699999999999998,299.96,52.28,4.77,28.53
1542,2012,18.0,0.252,301.5,51.25,5.64,28.44
1543,2012,19.0,0.27,302.21,46.12,10.18,28.15
1544,2012,20.0,0.281,302.0,39.07,20.08,29.58
1545,2012,21.0,0.287,300.96,32.35,38.37,35.36
1546,2012,22.0,0.326,304.29,43.1,18.25,30.67
1547,2012,23.0,0.337,304.59,45.85,19.64,32.74
1548,2012,24.0,0.341,304.82,49.0,21.86,35.43
1549,2012,25.0,0.341,305.22,50.15,24.08,37.11
1550,2012,26.0,0.33399999999999996,305.76,48.71,24.31,36.51
1551,2012,27.0,0.314,305.85,40.83,26.61,33.72
1552,2012,28.0,0.298,306.02,37.33,25.6,31.46
1553,2012,29.0,0.284,306.19,35.23,23.84,29.53
1554,2012,30.0,0.271,306.66,34.72,19.51,27.12
1555,2012,31.0,0.253,306.61,32.41,19.28,25.84
1556,2012,32.0,0.23600000000000002,306.12,29.36,20.87,25.11
1557,2012,33.0,0.225,305.15,28.43,25.88,27.16
1558,2012,34.0,0.223,304.21,31.42,30.1,30.76
1559,2012,35.0,0.222,303.28,35.57,30.72,33.14
1560,2012,36.0,0.221,302.46,40.78,24.38,32.58
1561,2012,37.0,0.218,301.25,45.38,17.45,31.42
1562,2012,38.0,0.217,299.77,53.06,13.12,33.09
1563,2012,39.0,0.221,298.08,63.92,11.2,37.56
1564,2012,40.0,0.22699999999999998,296.38,70.31,8.44,39.38
1565,2012,41.0,0.228,294.35,72.92,5.06,38.99
1566,2012,42.0,0.22699999999999998,291.95,74.7,3.11,38.91
1567,2012,43.0,0.226,289.49,76.9,3.12,40.01
1568,2012,44.0,0.221,286.71,77.55,3.19,40.37
1569,2012,45.0,0.21,284.05,77.82,3.85,40.83
1570,2012,46.0,0.196,281.56,78.01,5.39,41.7
1571,2012,47.0,0.175,278.21,76.08,10.65,43.37
1572,2012,48.0,0.149,274.67,71.49,16.74,44.12
1573,2012,49.0,0.133,272.37,68.99,18.4,43.7
1574,2012,50.0,0.12,270.07,68.43,20.44,44.44
1575,2012,51.0,0.11199999999999999,268.56,70.26,19.94,45.1
1576,2012,52.0,0.106,267.85,71.48,18.68,45.08
1577,2013,1.0,0.098,267.19,74.2,20.11,47.16
1578,2013,2.0,0.09,267.18,73.31,19.86,46.58
1579,2013,3.0,0.08199999999999999,266.5,71.36,23.69,47.53
1580,2013,4.0,0.08199999999999999,267.3,71.76,24.45,48.1
1581,2013,5.0,0.08900000000000001,269.54,73.1,21.26,47.18
1582,2013,6.0,0.102,272.7,74.6,16.03,45.32
1583,2013,7.0,0.12,275.97,76.32,11.98,44.15
1584,2013,8.0,0.138,278.22,78.64,11.7,45.17
1585,2013,9.0,0.157,280.29,80.32,12.38,46.35
1586,2013,10.0,0.174,282.95,79.9,12.74,46.32
1587,2013,11.0,0.18600000000000003,284.2,78.78,16.12,47.45
1588,2013,12.0,0.198,285.76,78.08,18.9,48.49
1589,2013,13.0,0.212,287.5,77.6,22.94,50.27
1590,2013,14.0,0.235,289.65,79.34,22.63,50.99
1591,2013,15.0,0.271,292.89,83.56,17.68,50.62
1592,2013,16.0,0.309,295.76,87.13,14.06,50.6
1593,2013,17.0,0.33899999999999997,298.35,87.99,10.53,49.26
1594,2013,18.0,0.359,300.38,86.84,9.76,48.3
1595,2013,19.0,0.368,301.72,82.57,12.13,47.35
1596,2013,20.0,0.37,302.85,75.73,13.4,44.57
1597,2013,21.0,0.366,303.34,68.34,18.62,43.48
1598,2013,22.0,0.36,303.74,60.45,22.71,41.58
1599,2013,23.0,0.353,304.21,54.88,22.75,38.82
1600,2013,24.0,0.344,304.52,50.78,24.2,37.49
1601,2013,25.0,0.336,304.75,48.01,27.85,37.93
1602,2013,26.0,0.326,304.77,44.31,32.36,38.33
1603,2013,27.0,0.317,304.85,42.14,34.68,38.41
1604,2013,28.0,0.305,304.93,40.75,34.08,37.41
1605,2013,29.0,0.28600000000000003,304.53,36.13,36.45,36.29
1606,2013,30.0,0.265,304.37,31.8,36.61,34.21
1607,2013,31.0,0.244,304.14,27.72,37.52,32.62
1608,2013,32.0,0.221,303.66,22.7,39.16,30.93
1609,2013,33.0,0.19899999999999998,302.46,16.89,46.46,31.67
1610,2013,34.0,0.177,300.74,11.93,57.07,34.5
1611,2013,35.0,0.158,298.75,8.68,65.97,37.32
1612,2013,36.0,0.139,295.94,6.87,73.49,40.18
1613,2013,37.0,0.127,293.38,6.15,77.46,41.81
1614,2013,38.0,0.12,291.23,6.99,80.58,43.79
1615,2013,39.0,0.12,289.68,10.65,81.01,45.83
1616,2013,40.0,0.126,288.62,18.42,74.29,46.35
1617,2013,41.0,0.132,287.79,28.16,57.55,42.85
1618,2013,42.0,0.134,286.73,36.06,38.94,37.5
1619,2013,43.0,0.136,285.85,43.87,22.48,33.18
1620,2013,44.0,0.13699999999999998,284.82,49.32,10.59,29.95
1621,2013,45.0,0.13699999999999998,283.66,55.09,4.26,29.68
1622,2013,46.0,0.132,281.26,59.16,5.97,32.56
1623,2013,47.0,0.128,279.25,62.24,6.43,34.33
1624,2013,48.0,0.122,277.21,63.48,7.08,35.28
1625,2013,49.0,0.115,275.62,63.99,7.12,35.55
1626,2013,50.0,0.106,274.35,65.08,6.48,35.78
1627,2013,51.0,0.096,273.28,67.08,5.57,36.32
1628,2013,52.0,0.08900000000000001,272.56,69.12,5.42,37.27
1629,2014,1.0,0.083,271.98,74.14,6.01,40.08
1630,2014,2.0,0.075,270.99,71.93,7.44,39.69
1631,2014,3.0,0.068,270.08,67.66,9.89,38.78
1632,2014,4.0,0.066,270.22,64.8,12.2,38.5
1633,2014,5.0,0.069,271.1,63.28,13.93,38.61
1634,2014,6.0,0.076,272.68,63.01,14.33,38.67
1635,2014,7.0,0.091,275.25,64.67,13.05,38.86
1636,2014,8.0,0.111,278.66,68.7,10.26,39.48
1637,2014,9.0,0.134,282.27,73.84,6.65,40.24
1638,2014,10.0,0.159,285.61,77.53,4.69,41.11
1639,2014,11.0,0.184,288.47,80.78,2.7,41.74
1640,2014,12.0,0.209,290.78,83.44,2.21,42.83
1641,2014,13.0,0.231,292.58,85.1,4.52,44.81
1642,2014,14.0,0.254,294.03,86.33,6.05,46.19
1643,2014,15.0,0.27899999999999997,295.23,87.19,8.26,47.72
1644,2014,16.0,0.307,296.27,87.96,11.98,49.97
1645,2014,17.0,0.33799999999999997,297.23,88.59,17.04,52.82
1646,2014,18.0,0.363,298.19,88.75,24.6,56.67
1647,2014,19.0,0.382,299.02,87.6,33.77,60.68
1648,2014,20.0,0.39299999999999996,299.58,84.84,40.43,62.63
1649,2014,21.0,0.39899999999999997,300.16,82.76,45.52,64.14
1650,2014,22.0,0.39799999999999996,300.51,79.25,50.0,64.62
1651,2014,23.0,0.397,300.87,77.98,51.11,64.54
1652,2014,24.0,0.39299999999999996,301.2,76.82,53.27,65.05
1653,2014,25.0,0.384,301.63,73.65,55.38,64.51
1654,2014,26.0,0.37200000000000005,302.44,68.54,52.41,60.48
1655,2014,27.0,0.35600000000000004,303.25,62.53,47.84,55.19
1656,2014,28.0,0.336,303.91,56.13,42.15,49.14
1657,2014,29.0,0.314,304.89,50.22,33.75,41.98
1658,2014,30.0,0.292,305.97,45.03,24.51,34.77
1659,2014,31.0,0.271,306.52,40.81,19.69,30.25
1660,2014,32.0,0.251,306.71,36.55,16.53,26.54
1661,2014,33.0,0.233,306.33,32.2,17.06,24.63
1662,2014,34.0,0.217,305.5,28.38,19.99,24.18
1663,2014,35.0,0.205,304.34,26.79,21.83,24.31
1664,2014,36.0,0.198,302.81,28.39,20.74,24.56
1665,2014,37.0,0.191,301.13,30.49,16.72,23.61
1666,2014,38.0,0.184,299.24,34.4,15.03,24.71
1667,2014,39.0,0.18,296.84,40.69,19.0,29.85
1668,2014,40.0,0.179,294.28,48.04,21.97,35.01
1669,2014,41.0,0.17800000000000002,291.45,53.13,22.61,37.87
1670,2014,42.0,0.171,288.63,55.23,21.66,38.44
1671,2014,43.0,0.16399999999999998,286.44,57.76,17.92,37.84
1672,2014,44.0,0.154,283.83,58.11,16.36,37.24
1673,2014,45.0,0.14,281.16,57.15,16.56,36.85
1674,2014,46.0,0.12,277.77,53.04,22.45,37.75
1675,2014,47.0,0.095,273.31,44.27,33.47,38.87
1676,2014,48.0,0.071,269.17,34.13,41.19,37.66
1677,2014,49.0,0.055999999999999994,265.56,28.18,46.79,37.49
1678,2014,50.0,0.049,263.2,27.46,49.03,38.24
1679,2014,51.0,0.045,261.8,28.96,47.75,38.36
1680,2014,52.0,0.042,260.27,29.62,48.76,39.19
1681,2015,1.0,0.044000000000000004,260.32,36.86,48.47,42.66
1682,2015,2.0,0.044000000000000004,260.78,38.66,45.38,42.02
1683,2015,3.0,0.046,262.48,43.06,38.87,40.96
1684,2015,4.0,0.055999999999999994,265.51,53.4,30.02,41.71
1685,2015,5.0,0.069,269.13,63.19,21.1,42.14
1686,2015,6.0,0.086,273.41,70.76,11.59,41.18
1687,2015,7.0,0.099,276.72,70.69,8.07,39.38
1688,2015,8.0,0.115,280.2,71.52,5.51,38.52
1689,2015,9.0,0.127,283.77,70.76,2.98,36.87
1690,2015,10.0,0.138,286.31,67.62,3.36,35.49
1691,2015,11.0,0.151,288.38,66.87,3.19,35.03
1692,2015,12.0,0.163,289.67,65.79,4.97,35.38
1693,2015,13.0,0.18,290.89,66.77,9.94,38.36
1694,2015,14.0,0.20199999999999999,292.32,68.81,12.47,40.64
1695,2015,15.0,0.22899999999999998,293.69,71.07,14.91,42.99
1696,2015,16.0,0.263,295.28,74.46,17.04,45.75
1697,2015,17.0,0.302,296.93,78.17,19.11,48.64
1698,2015,18.0,0.336,298.19,80.79,24.77,52.78
1699,2015,19.0,0.36200000000000004,298.92,81.12,34.93,58.02
1700,2015,20.0,0.38299999999999995,299.51,81.27,41.42,61.35
1701,2015,21.0,0.402,300.68,83.5,41.07,62.29
1702,2015,22.0,0.405,301.16,81.7,44.38,63.04
1703,2015,23.0,0.402,301.24,79.24,47.98,63.61
1704,2015,24.0,0.392,301.0,75.48,55.19,65.34
1705,2015,25.0,0.382,300.89,72.33,62.2,67.26
1706,2015,26.0,0.375,300.8,70.3,66.68,68.49
1707,2015,27.0,0.374,301.01,71.42,66.37,68.89
1708,2015,28.0,0.374,301.76,74.92,59.18,67.05
1709,2015,29.0,0.368,302.68,76.28,51.01,63.64
1710,2015,30.0,0.355,303.36,75.3,44.51,59.91
1711,2015,31.0,0.337,303.69,72.96,40.94,56.95
1712,2015,32.0,0.311,303.97,66.69,36.82,51.75
1713,2015,33.0,0.287,304.27,59.68,32.58,46.13
1714,2015,34.0,0.265,304.3,53.03,29.36,41.2
1715,2015,35.0,0.24100000000000002,303.72,45.27,26.98,36.12
1716,2015,36.0,0.22,303.22,39.91,17.83,28.87
1717,2015,37.0,0.201,302.23,35.77,9.01,22.39
1718,2015,38.0,0.184,300.93,34.41,4.0,19.21
1719,2015,39.0,0.16699999999999998,298.8,33.55,4.32,18.93
1720,2015,40.0,0.154,295.71,33.74,9.33,21.54
1721,2015,41.0,0.142,292.37,33.8,14.03,23.91
1722,2015,42.0,0.128,289.75,33.05,12.83,22.94
1723,2015,43.0,0.111,286.39,31.36,18.63,24.99
1724,2015,44.0,0.094,282.98,28.68,21.57,25.13
1725,2015,45.0,0.078,279.01,25.41,28.04,26.73
1726,2015,46.0,0.067,274.28,24.04,38.42,31.23
1727,2015,47.0,0.06,270.25,23.79,45.67,34.73
1728,2015,48.0,0.054000000000000006,267.68,23.6,46.12,34.86
1729,2015,49.0,0.05,266.65,24.19,41.65,32.92
1730,2015,50.0,0.049,266.05,27.32,37.08,32.2
1731,2015,51.0,0.049,265.57,31.96,32.54,32.25
1732,2015,52.0,0.049,265.32,36.17,29.0,32.58
1733,2016,1.0,0.05,264.53,44.29,31.15,37.72
1734,2016,2.0,0.051,264.42,47.66,30.23,38.95
1735,2016,3.0,0.053,265.84,51.27,25.18,38.22
1736,2016,4.0,0.057,267.94,54.43,20.78,37.6
1737,2016,5.0,0.059000000000000004,269.94,52.94,18.56,35.75
1738,2016,6.0,0.061,272.21,48.63,16.6,32.62
1739,2016,7.0,0.067,275.33,46.16,13.35,29.76
1740,2016,8.0,0.076,278.23,45.46,11.86,28.66
1741,2016,9.0,0.085,280.35,45.13,12.64,28.88
1742,2016,10.0,0.09300000000000001,282.18,43.7,15.84,29.77
1743,2016,11.0,0.10400000000000001,283.9,44.54,17.6,31.07
1744,2016,12.0,0.12300000000000001,286.3,48.39,17.0,32.69
1745,2016,13.0,0.147,288.73,53.38,18.04,35.71
1746,2016,14.0,0.177,291.18,59.0,16.54,37.77
1747,2016,15.0,0.207,292.71,62.94,18.56,40.75
1748,2016,16.0,0.24100000000000002,294.2,66.55,21.8,44.18
1749,2016,17.0,0.27699999999999997,295.29,69.41,29.09,49.25
1750,2016,18.0,0.308,295.31,70.79,47.42,59.11
1751,2016,19.0,0.332,295.72,70.02,63.28,66.65
1752,2016,20.0,0.354,296.58,69.22,67.65,68.43
1753,2016,21.0,0.369,297.19,69.26,71.95,70.6
1754,2016,22.0,0.379,297.79,68.63,73.78,71.2
1755,2016,23.0,0.382,298.54,68.3,71.54,69.92
1756,2016,24.0,0.381,299.48,69.28,68.72,69.0
1757,2016,25.0,0.379,300.52,69.91,65.32,67.61
1758,2016,26.0,0.374,301.49,69.18,60.45,64.81
1759,2016,27.0,0.364,302.49,66.16,53.85,60.0
1760,2016,28.0,0.345,303.23,60.62,47.31,53.96
1761,2016,29.0,0.326,303.84,55.62,41.78,48.7
1762,2016,30.0,0.304,304.42,50.39,36.18,43.28
1763,2016,31.0,0.281,304.83,46.04,32.06,39.05
1764,2016,32.0,0.259,304.5,40.91,32.62,36.76
1765,2016,33.0,0.242,304.04,36.88,34.26,35.57
1766,2016,34.0,0.22899999999999998,303.78,34.51,33.26,33.88
1767,2016,35.0,0.215,302.88,31.95,33.56,32.76
1768,2016,36.0,0.203,301.49,31.18,31.75,31.47
1769,2016,37.0,0.19,299.62,29.81,30.11,29.96
1770,2016,38.0,0.17600000000000002,297.17,29.74,34.52,32.13
1771,2016,39.0,0.16399999999999998,293.96,31.76,47.52,39.64
1772,2016,40.0,0.155,290.65,34.36,57.68,46.02
1773,2016,41.0,0.149,287.41,37.58,61.01,49.3
1774,2016,42.0,0.14300000000000002,284.68,40.93,56.77,48.85
1775,2016,43.0,0.13699999999999998,282.56,44.07,46.94,45.5
1776,2016,44.0,0.128,280.42,45.2,37.02,41.11
1777,2016,45.0,0.11599999999999999,277.52,44.57,36.38,40.47
1778,2016,46.0,0.106,274.65,44.96,38.14,41.55
1779,2016,47.0,0.098,271.57,45.12,41.7,43.41
1780,2016,48.0,0.091,268.67,45.45,43.32,44.38
1781,2016,49.0,0.085,266.09,46.27,44.5,45.39
1782,2016,50.0,0.076,263.16,46.47,49.12,47.8
1783,2016,51.0,0.067,260.2,46.63,54.34,50.48
1784,2016,52.0,0.06,257.01,47.0,61.83,54.41
1785,2017,1.0,0.057,254.58,51.92,71.12,61.52
1786,2017,2.0,0.053,253.64,49.86,73.42,61.64
1787,2017,3.0,0.05,255.09,47.3,68.31,57.81
1788,2017,4.0,0.048,257.46,44.48,62.85,53.66
1789,2017,5.0,0.048,260.58,42.32,56.29,49.3
1790,2017,6.0,0.054000000000000006,263.71,42.11,50.14,46.13
1791,2017,7.0,0.061,267.22,41.38,44.47,42.92
1792,2017,8.0,0.073,271.32,43.91,37.25,40.58
1793,2017,9.0,0.08800000000000001,276.22,47.57,27.53,37.55
1794,2017,10.0,0.111,280.84,53.19,20.55,36.87
1795,2017,11.0,0.139,284.81,60.99,13.84,37.41
1796,2017,12.0,0.16699999999999998,288.03,67.45,9.97,38.71
1797,2017,13.0,0.196,290.33,72.96,11.73,42.35
1798,2017,14.0,0.226,291.77,77.13,14.17,45.65
1799,2017,15.0,0.26,293.56,81.41,14.92,48.17
1800,2017,16.0,0.298,295.38,85.29,16.11,50.7
1801,2017,17.0,0.336,295.77,88.0,25.98,56.99
1802,2017,18.0,0.368,296.39,89.61,38.59,64.1
1803,2017,19.0,0.39299999999999996,297.39,90.13,48.25,69.19
1804,2017,20.0,0.405,298.02,88.34,54.48,71.41
1805,2017,21.0,0.41100000000000003,298.48,86.59,60.48,73.53
1806,2017,22.0,0.409,299.04,83.1,62.85,72.98
1807,2017,23.0,0.4,299.78,78.42,60.66,69.54
1808,2017,24.0,0.39,301.0,74.97,54.84,64.91
1809,2017,25.0,0.373,301.48,67.77,56.56,62.16
1810,2017,26.0,0.354,301.77,59.74,57.86,58.8
1811,2017,27.0,0.33899999999999997,302.23,53.66,55.88,54.77
1812,2017,28.0,0.322,302.55,49.36,52.59,50.98
1813,2017,29.0,0.308,303.08,46.93,47.55,47.24
1814,2017,30.0,0.28800000000000003,303.6,42.78,42.33,42.56
1815,2017,31.0,0.264,304.22,37.49,36.57,37.03
1816,2017,32.0,0.242,304.58,32.09,31.82,31.96
1817,2017,33.0,0.218,304.21,24.99,32.75,28.87
1818,2017,34.0,0.196,303.5,18.55,35.38,26.96
1819,2017,35.0,0.177,302.43,13.87,37.17,25.52
1820,2017,36.0,0.159,300.75,10.82,37.9,24.36
1821,2017,37.0,0.147,298.63,10.26,39.07,24.67
1822,2017,38.0,0.136,296.27,10.69,43.49,27.09
1823,2017,39.0,0.121,292.02,10.52,66.83,38.68
1824,2017,40.0,0.10800000000000001,287.38,10.69,85.14,47.92
1825,2017,41.0,0.092,282.51,9.78,92.02,50.9
1826,2017,42.0,0.08,277.45,10.36,93.11,51.74
1827,2017,43.0,0.071,272.49,12.02,93.36,52.69
1828,2017,44.0,0.065,267.8,14.02,91.9,52.96
1829,2017,45.0,0.062,263.72,17.21,91.42,54.31
1830,2017,46.0,0.06,261.26,19.96,90.32,55.14
1831,2017,47.0,0.057999999999999996,258.72,22.65,89.28,55.97
1832,2017,48.0,0.055999999999999994,256.97,24.85,86.26,55.56
1833,2017,49.0,0.055,256.8,27.3,79.89,53.59
1834,2017,50.0,0.054000000000000006,256.86,31.02,73.72,52.37
1835,2017,51.0,0.054000000000000006,257.59,36.8,64.87,50.84
1836,2017,52.0,0.055,258.09,42.55,58.13,50.34
1837,2018,1.0,0.055999999999999994,258.32,52.18,56.89,54.54
1838,2018,2.0,0.057999999999999996,258.46,56.92,55.09,56.0
1839,2018,3.0,0.062,258.17,61.39,56.51,58.95
1840,2018,4.0,0.066,257.85,63.64,60.29,61.96
1841,2018,5.0,0.068,256.69,61.45,66.26,63.86
1842,2018,6.0,0.071,257.59,57.22,65.88,61.55
